algorithm,seed,episode,cumulative_steps,eval_return,eval_return_std,eval_success_rate,eval_episode_length
Q-Learning,0,1,200,-790.18,114.99488719779089,0.02,197.68
Q-Learning,0,400,78123,-178.8,64.24824304752526,0.1,180.9
Q-Learning,0,800,150366,-145.4,93.05473482563575,0.26,150.86
Q-Learning,0,1200,209404,-27.8,81.52625719512027,0.82,45.02
Q-Learning,0,1600,251300,-32.66,84.55395813759812,0.8,49.46
Q-Learning,0,2000,282948,4.06,29.557560585324055,0.98,16.52
Q-Learning,0,2400,306723,-0.42,41.246936806487426,0.96,20.58
Q-Learning,0,2800,326739,8.18,2.5450231545396313,1.0,12.82
Q-Learning,0,3200,343863,7.78,2.63640138159916,1.0,13.22
Q-Learning,0,3600,358349,8.88,2.4128905520819903,1.0,12.12
Q-Learning,0,4000,370448,7.96,2.769808068205066,1.0,13.04
Q-Learning,0,4400,381572,7.84,2.3935286904143713,1.0,13.16
Q-Learning,0,4800,391542,8.14,2.4412275266215344,1.0,12.86
Q-Learning,0,5200,400407,7.2,2.040408122440814,1.0,13.8
Q-Learning,0,5600,408698,7.54,2.400765184141872,1.0,13.46
Q-Learning,0,6000,416222,7.94,2.736077931817658,1.0,13.06
Q-Learning,0,6400,423331,8.14,3.0034673839631774,1.0,12.86
Q-Learning,0,6800,429811,8.34,2.352679757386527,1.0,12.66
Q-Learning,0,7200,436046,7.98,2.535382272026473,1.0,13.02
Q-Learning,0,7600,441829,8.06,2.787801415935841,1.0,12.94
Q-Learning,0,8000,447330,7.32,2.342508684887958,1.0,13.68
Q-Learning,0,8400,452665,8.14,2.563559387783688,1.0,12.86
Q-Learning,0,8800,457859,8.34,2.8183799080539957,1.0,12.66
Q-Learning,0,9200,463173,7.9,2.3754698783308417,1.0,13.1
Q-Learning,0,9600,468484,8.32,2.1706765615111516,1.0,12.68
Q-Learning,0,10000,473787,8.12,2.5765029297361135,1.0,12.88
Q-Learning,1,1,200,-773.96,85.89503798835185,0.02,198.74
Q-Learning,1,400,77727,-182.98,58.30584036276437,0.08,184.66
Q-Learning,1,800,150075,-132.74,99.04911377077288,0.32,139.46
Q-Learning,1,1200,212209,-57.56,98.71504237874153,0.68,71.84
Q-Learning,1,1600,257736,-15.98,68.68962729524148,0.88,34.46
Q-Learning,1,2000,288531,-0.2,41.27261284954675,0.96,20.36
Q-Learning,1,2400,312390,7.86,2.672688778388245,1.0,13.14
Q-Learning,1,2800,332124,3.6,29.465303012741156,0.98,16.98
Q-Learning,1,3200,349314,7.62,2.3980434201444223,1.0,13.38
Q-Learning,1,3600,363804,7.94,2.427815008250364,1.0,13.06
Q-Learning,1,4000,376309,7.64,2.4970186304503867,1.0,13.36
Q-Learning,1,4400,387502,8.1,2.6438222176173922,1.0,12.9
Q-Learning,1,4800,397896,7.58,2.2775747932341344,1.0,13.42
Q-Learning,1,5200,406945,7.92,2.754143446236775,1.0,13.08
Q-Learning,1,5600,415386,8.2,2.8855728395320224,1.0,12.8
Q-Learning,1,6000,423098,8.08,2.5780866184527036,1.0,12.92
Q-Learning,1,6400,430233,8.78,2.667185323711198,1.0,12.22
Q-Learning,1,6800,436661,7.12,2.3442504567732585,1.0,13.88
Q-Learning,1,7200,442798,7.32,2.574918266981042,1.0,13.68
Q-Learning,1,7600,448516,8.14,2.618692616632995,1.0,12.86
Q-Learning,1,8000,453905,8.38,2.9615908576579693,1.0,12.62
Q-Learning,1,8400,459147,7.36,2.804951889434258,1.0,13.64
Q-Learning,1,8800,464471,8.2,3.023715784073818,1.0,12.8
Q-Learning,1,9200,469742,8.08,2.5220658846530184,1.0,12.92
Q-Learning,1,9600,475008,7.6,2.7627256579733883,1.0,13.4
Q-Learning,1,10000,480231,8.52,2.7718703624308354,1.0,12.48
Q-Learning,2,1,200,-762.4,134.1496270922122,0.08,192.4
Q-Learning,2,400,77983,-191.44,42.36101403654168,0.04,192.28
Q-Learning,2,800,151812,-153.66,88.14473487233532,0.22,158.28
Q-Learning,2,1200,213098,-78.68,104.29480195237782,0.58,90.86
Q-Learning,2,1600,256675,-20.8,73.06189715800248,0.86,38.86
Q-Learning,2,2000,288718,4.58,29.609768106942997,0.98,16.0
Q-Learning,2,2400,314940,8.32,2.419647469684586,1.0,12.68
Q-Learning,2,2800,335583,7.54,2.476089741540735,1.0,13.46
Q-Learning,2,3200,351892,7.36,2.7087160901694474,1.0,13.64
Q-Learning,2,3600,366666,8.3,3.111860130113138,1.0,12.7
Q-Learning,2,4000,379343,7.98,2.486617241579904,1.0,13.02
Q-Learning,2,4400,390603,6.66,2.076201397961662,1.0,14.34
Q-Learning,2,4800,400681,8.06,2.436206485669129,1.0,12.94
Q-Learning,2,5200,409519,8.42,3.0844574159842777,1.0,12.58
Q-Learning,2,5600,417935,8.04,2.539162645199301,1.0,12.96
Q-Learning,2,6000,425617,7.92,2.640655453573941,1.0,13.08
Q-Learning,2,6400,432584,7.86,2.5952075140181616,1.0,13.14
Q-Learning,2,6800,439244,8.66,2.8969371580963204,1.0,12.34
Q-Learning,2,7200,445345,7.46,2.851494416645992,1.0,13.54
Q-Learning,2,7600,451078,7.9,2.3408528011677054,1.0,13.1
Q-Learning,2,8000,456523,7.7,2.5253813613805267,1.0,13.3
Q-Learning,2,8400,461856,7.32,2.4697351754256354,1.0,13.68
Q-Learning,2,8800,467038,7.48,2.500938599316469,1.0,13.52
Q-Learning,2,9200,472298,7.78,2.735182715980035,1.0,13.22
Q-Learning,2,9600,477604,7.74,2.52182311765411,1.0,13.26
Q-Learning,2,10000,482901,8.32,2.721344205666436,1.0,12.68
Q-Learning,3,1,200,-752.96,144.5421991908895,0.04,197.42
Q-Learning,3,400,77869,-200.0,0.0,0.0,200.0
Q-Learning,3,800,151048,-136.9,97.37666191503119,0.3,143.2
Q-Learning,3,1200,210650,-78.12,104.78036114479016,0.58,90.3
Q-Learning,3,1600,253560,-16.48,68.5003321904652,0.88,34.96
Q-Learning,3,2000,285216,-0.14,41.297334004973834,0.96,20.3
Q-Learning,3,2400,309989,4.22,29.5650717805277,0.98,16.36
Q-Learning,3,2800,329654,7.42,2.7559953200398644,1.0,13.58
Q-Learning,3,3200,346390,8.26,2.4727907063783254,1.0,12.74
Q-Learning,3,3600,360714,8.62,2.5784823886486854,1.0,12.38
Q-Learning,3,4000,372977,7.4,2.2677868380553634,1.0,13.6
Q-Learning,3,4400,383751,8.14,2.821274860189041,1.0,12.86
Q-Learning,3,4800,393653,7.4,2.920721185751553,1.0,13.6
Q-Learning,3,5200,402665,8.54,2.651222282615461,1.0,12.46
Q-Learning,3,5600,410813,8.6,2.6878411031752543,1.0,12.4
Q-Learning,3,6000,418492,7.22,2.5498299263012085,1.0,13.78
Q-Learning,3,6400,425718,8.08,2.6713903740584684,1.0,12.92
Q-Learning,3,6800,432233,8.2,2.5071326821120348,1.0,12.8
Q-Learning,3,7200,438447,8.14,2.6030594244747736,1.0,12.86
Q-Learning,3,7600,444292,7.66,2.6924687101435443,1.0,13.34
Q-Learning,3,8000,449703,8.04,2.9343844746212038,1.0,12.96
Q-Learning,3,8400,454983,8.02,2.5029778183563023,1.0,12.98
Q-Learning,3,8800,460186,7.88,1.975771613670911,1.0,13.12
Q-Learning,3,9200,465447,7.98,2.3775308749256,1.0,13.02
Q-Learning,3,9600,470731,8.38,3.0094409271287503,1.0,12.62
Q-Learning,3,10000,476048,7.46,2.8371442957844146,1.0,13.54
Q-Learning,4,1,200,-753.58,117.9207776259908,0.08,195.28
Q-Learning,4,400,78323,-195.7,30.405591591021544,0.02,196.12
Q-Learning,4,800,151339,-153.52,88.41466311116739,0.22,158.14
Q-Learning,4,1200,212051,-66.4,101.23925994939928,0.64,79.84
Q-Learning,4,1600,256269,-28.62,81.13729608710491,0.82,45.84
Q-Learning,4,2000,289446,4.24,29.566638673494484,0.98,16.34
Q-Learning,4,2400,314264,7.16,1.9625056869799313,1.0,13.84
Q-Learning,4,2800,334086,7.48,2.4347819749016795,1.0,13.52
Q-Learning,4,3200,351402,8.1,2.901442287369986,1.0,12.9
Q-Learning,4,3600,365624,7.48,2.4763369920023375,1.0,13.52
Q-Learning,4,4000,378563,8.4,2.474358296526968,1.0,12.6
Q-Learning,4,4400,389652,8.32,2.271743015072482,1.0,12.68
Q-Learning,4,4800,399634,8.18,2.3963407478052527,1.0,12.82
Q-Learning,4,5200,408623,8.42,2.5800648623392304,1.0,12.58
Q-Learning,4,5600,416840,7.42,2.6115129714401193,1.0,13.58
Q-Learning,4,6000,424562,7.84,2.6981475126464085,1.0,13.16
Q-Learning,4,6400,431603,8.04,2.9204416775270032,1.0,12.96
Q-Learning,4,6800,438181,8.24,2.6920896973866806,1.0,12.76
Q-Learning,4,7200,444331,8.42,2.9629687263738353,1.0,12.58
Q-Learning,4,7600,450042,8.2,2.5951288749407073,1.0,12.8
Q-Learning,4,8000,455567,7.68,2.298535469842145,1.0,13.32
Q-Learning,4,8400,460868,7.38,2.834841535361764,1.0,13.62
Q-Learning,4,8800,466235,7.56,2.434111328428442,1.0,13.44
Q-Learning,4,9200,471470,7.46,2.5250580918756973,1.0,13.54
Q-Learning,4,9600,476848,7.02,2.7956964011399625,1.0,13.98
Q-Learning,4,10000,482146,8.22,2.6441309671475377,1.0,12.78
Q-Learning,5,1,195,-793.28,69.5437140456656,0.02,198.98
Q-Learning,5,400,77147,-191.52,41.96560301883786,0.04,192.36
Q-Learning,5,800,149911,-162.38,81.1189325896846,0.18,166.16
Q-Learning,5,1200,208798,-50.14,94.41917178200622,0.72,65.26
Q-Learning,5,1600,251948,-49.48,94.83331025907447,0.72,64.6
Q-Learning,5,2000,283425,4.42,29.601496101186704,0.98,16.16
Q-Learning,5,2400,306884,4.22,29.596118057637774,0.98,16.36
Q-Learning,5,2800,327150,7.68,2.6529921498072273,1.0,13.32
Q-Learning,5,3200,343915,7.42,2.587962716193602,1.0,13.58
Q-Learning,5,3600,357890,8.12,2.6774950218136233,1.0,12.88
Q-Learning,5,4000,369850,8.54,2.73458574260773,1.0,12.46
Q-Learning,5,4400,380623,8.12,2.9041841736167,1.0,12.88
Q-Learning,5,4800,390621,7.4,2.531435020952764,1.0,13.6
Q-Learning,5,5200,399852,7.9,2.358224859888454,1.0,13.1
Q-Learning,5,5600,408041,8.04,2.586937358723474,1.0,12.96
Q-Learning,5,6000,415778,7.66,2.6542995540158953,1.0,13.34
Q-Learning,5,6400,422974,8.32,2.4448195960321604,1.0,12.68
Q-Learning,5,6800,429514,7.84,2.4937472827462055,1.0,13.16
Q-Learning,5,7200,435516,7.64,2.135797896117801,1.0,13.36
Q-Learning,5,7600,441206,7.02,2.4948109412645003,1.0,13.98
Q-Learning,5,8000,446631,8.1,2.7792966369062455,1.0,12.9
Q-Learning,5,8400,451888,7.46,2.5331274531451338,1.0,13.54
Q-Learning,5,8800,457114,7.92,2.5139610179953067,1.0,13.08
Q-Learning,5,9200,462441,7.44,2.3137565532603257,1.0,13.56
Q-Learning,5,9600,467770,7.66,2.471139537186214,1.0,13.34
Q-Learning,5,10000,473062,7.1,2.6049403612586386,1.0,13.9
Q-Learning,6,1,200,-747.22,156.05091921470728,0.06,193.0
Q-Learning,6,400,78442,-191.46,42.262160428468775,0.04,192.3
Q-Learning,6,800,151392,-123.76,102.68906107909508,0.36,131.32
Q-Learning,6,1200,212162,-53.44,96.93847407042284,0.7,68.14
Q-Learning,6,1600,257442,-12.5,63.17621936993026,0.9,31.4
Q-Learning,6,2000,287745,3.06,29.44688057350395,0.98,17.52
Q-Learning,6,2400,312190,8.54,2.901160921747974,1.0,12.46
Q-Learning,6,2800,332358,7.76,2.254790817937012,1.0,13.24
Q-Learning,6,3200,348678,7.8,2.4743582965269675,1.0,13.2
Q-Learning,6,3600,363288,7.52,3.0387967543561896,1.0,13.48
Q-Learning,6,4000,375780,7.7,2.392590603492032,1.0,13.3
Q-Learning,6,4400,386856,8.54,2.6589087833860243,1.0,12.46
Q-Learning,6,4800,396765,8.56,2.60423516916705,1.0,12.44
Q-Learning,6,5200,405777,8.08,2.363325225704025,1.0,12.92
Q-Learning,6,5600,413856,7.6,2.57935286932397,1.0,13.4
Q-Learning,6,6000,421310,8.2,2.864276807966203,1.0,12.8
Q-Learning,6,6400,428372,8.24,2.8468385616185485,1.0,12.76
Q-Learning,6,6800,435066,7.32,2.6452884569377613,1.0,13.68
Q-Learning,6,7200,441210,7.96,2.4822636147398254,1.0,13.04
Q-Learning,6,7600,446913,8.12,2.2824977367715715,1.0,12.88
Q-Learning,6,8000,452236,8.26,2.7015490643219446,1.0,12.74
Q-Learning,6,8400,457449,7.7,2.734884245582378,1.0,13.3
Q-Learning,6,8800,462765,8.34,2.5282889269146405,1.0,12.66
Q-Learning,6,9200,468033,8.6,2.3819045715047236,1.0,12.4
Q-Learning,6,9600,473232,8.32,2.342508684887958,1.0,12.68
Q-Learning,6,10000,478522,8.24,3.0004081355028744,1.0,12.76
Q-Learning,7,1,200,-831.0,215.56172467035316,0.02,197.1
Q-Learning,7,400,77306,-200.0,0.0,0.0,200.0
Q-Learning,7,800,150321,-166.4,77.7696756388992,0.16,169.76
Q-Learning,7,1200,208427,-57.8,98.55424280826372,0.68,72.08
Q-Learning,7,1600,254305,-25.08,77.15313159091933,0.84,42.72
Q-Learning,7,2000,286948,-1.2,41.05745103771404,0.96,21.36
Q-Learning,7,2400,311847,7.72,2.6267074136139894,1.0,13.28
Q-Learning,7,2800,331520,8.38,2.9890275532831265,1.0,12.62
Q-Learning,7,3200,348516,8.02,2.676351461011267,1.0,12.98
Q-Learning,7,3600,362946,8.24,3.1007569846008605,1.0,12.76
Q-Learning,7,4000,375348,7.46,2.224263235045598,1.0,13.54
Q-Learning,7,4400,386474,8.2,2.457807219155036,1.0,12.8
Q-Learning,7,4800,396609,7.6,2.4907993963089567,1.0,13.4
Q-Learning,7,5200,405399,7.72,2.4162713727846827,1.0,13.28
Q-Learning,7,5600,413629,8.12,2.544622180367122,1.0,12.88
Q-Learning,7,6000,421395,7.94,2.6985256745724198,1.0,13.06
Q-Learning,7,6400,428309,7.8,2.57935286932397,1.0,13.2
Q-Learning,7,6800,434920,8.14,2.5715079352832046,1.0,12.86
Q-Learning,7,7200,441080,8.46,2.970672980855293,1.0,12.54
Q-Learning,7,7600,446906,8.14,2.5395644813829876,1.0,12.86
Q-Learning,7,8000,452395,7.76,2.290708828894565,1.0,13.24
Q-Learning,7,8400,457802,7.52,2.6668027176178364,1.0,13.48
Q-Learning,7,8800,463081,7.38,2.863492943370857,1.0,13.62
Q-Learning,7,9200,468351,7.88,2.504200552704049,1.0,13.12
Q-Learning,7,9600,473712,7.06,2.5904849439628017,1.0,13.94
Q-Learning,7,10000,478996,7.78,2.2793661847280338,1.0,13.22
Q-Learning,8,1,200,-776.86,90.41175876206026,0.06,199.24
Q-Learning,8,400,77920,-200.0,0.0,0.0,200.0
Q-Learning,8,800,149938,-132.6,99.25559666531534,0.32,139.32
Q-Learning,8,1200,209634,-61.98,100.08006794562043,0.66,75.84
Q-Learning,8,1600,253824,-25.22,77.07862140406391,0.84,42.86
Q-Learning,8,2000,287583,7.98,2.9101511286936175,1.0,13.02
Q-Learning,8,2400,312746,8.38,2.4980808960610754,1.0,12.62
Q-Learning,8,2800,333264,3.28,29.402235094826185,0.98,17.3
Q-Learning,8,3200,349693,6.96,2.4904716379818175,1.0,14.04
Q-Learning,8,3600,363963,7.7,2.4598821939603663,1.0,13.3
Q-Learning,8,4000,376460,8.0,2.4411439272335804,1.0,13.0
Q-Learning,8,4400,387757,7.54,2.8227212228700194,1.0,13.46
Q-Learning,8,4800,397799,7.6,2.276768207215604,1.0,13.4
Q-Learning,8,5200,406793,8.28,2.6111222077247684,1.0,12.72
Q-Learning,8,5600,415119,7.82,2.512743033224927,1.0,13.18
Q-Learning,8,6000,422969,8.1,2.7124053637210754,1.0,12.9
Q-Learning,8,6400,429975,8.1,2.168889492955568,1.0,12.9
Q-Learning,8,6800,436479,8.26,2.5137174682537577,1.0,12.74
Q-Learning,8,7200,442527,7.94,2.558778407517054,1.0,13.06
Q-Learning,8,7600,448275,8.26,2.9402901425622914,1.0,12.74
Q-Learning,8,8000,453707,8.08,3.180553154303028,1.0,12.92
Q-Learning,8,8400,459030,7.98,2.2541571572975827,1.0,13.02
Q-Learning,8,8800,464377,8.12,2.5365893862203466,1.0,12.88
Q-Learning,8,9200,469654,8.8,2.9346626548820196,1.0,12.2
Q-Learning,8,9600,474864,8.26,2.671161178367252,1.0,12.74
Q-Learning,8,10000,480145,7.84,2.6446711920928307,1.0,13.16
Q-Learning,9,1,200,-736.02,142.83392525615764,0.08,193.74
Q-Learning,9,400,78180,-200.0,0.0,0.0,200.0
Q-Learning,9,800,151212,-149.6,90.60274357246111,0.24,154.64
Q-Learning,9,1200,212111,-78.86,104.14609244435708,0.58,91.04
Q-Learning,9,1600,255905,-9.16,56.88884973779832,0.92,28.48
Q-Learning,9,2000,287428,4.36,29.597131686729924,0.98,16.22
Q-Learning,9,2400,312357,8.0,2.356060357495806,1.0,13.0
Q-Learning,9,2800,333485,8.42,2.755995320039864,1.0,12.58
Q-Learning,9,3200,350693,8.28,2.850277465906269,1.0,12.72
Q-Learning,9,3600,364672,7.76,2.503548502034825,1.0,13.24
Q-Learning,9,4000,377208,8.38,2.3637569542521732,1.0,12.62
Q-Learning,9,4400,387992,7.38,2.2577756798247615,1.0,13.62
Q-Learning,9,4800,397720,7.88,2.6468309892613635,1.0,13.12
Q-Learning,9,5200,406734,8.68,2.683585782690992,1.0,12.32
Q-Learning,9,5600,414984,8.38,2.33771212068203,1.0,12.62
Q-Learning,9,6000,422406,8.1,2.70487088982307,1.0,12.9
Q-Learning,9,6400,429692,7.14,2.8357052896582746,1.0,13.86
Q-Learning,9,6800,436243,8.06,2.6681033544831205,1.0,12.94
Q-Learning,9,7200,442460,8.3,2.8302303937369926,1.0,12.7
Q-Learning,9,7600,448233,8.12,2.4381324401923634,1.0,12.88
Q-Learning,9,8000,453681,7.68,2.461458004964554,1.0,13.32
Q-Learning,9,8400,458984,7.84,2.4357875983939565,1.0,13.16
Q-Learning,9,8800,464299,7.64,2.6245310562662665,1.0,13.36
Q-Learning,9,9200,469697,8.08,2.4976723858302106,1.0,12.92
Q-Learning,9,9600,474991,8.4,2.634155559226539,1.0,12.6
Q-Learning,9,10000,480325,7.8,2.687841103175254,1.0,13.2
Q-Learning,10,1,200,-860.84,308.1032400521167,0.02,198.14
Q-Learning,10,400,77352,-200.0,0.0,0.0,200.0
Q-Learning,10,800,150911,-153.76,87.95535973505224,0.22,158.38
Q-Learning,10,1200,209836,-53.54,96.87046052563691,0.7,68.24
Q-Learning,10,1600,252597,-12.42,63.19780737607009,0.9,31.32
Q-Learning,10,2000,286166,-12.68,63.11455086279427,0.9,31.58
Q-Learning,10,2400,311406,8.1,3.025402654935339,1.0,12.9
Q-Learning,10,2800,331685,8.14,2.5715079352832046,1.0,12.86
Q-Learning,10,3200,348774,7.72,2.5875683960200226,1.0,13.28
Q-Learning,10,3600,363469,7.56,2.7786356951803906,1.0,13.44
Q-Learning,10,4000,375955,8.16,2.3243168845043134,1.0,12.84
Q-Learning,10,4400,387078,8.4,2.955451552225315,1.0,12.6
Q-Learning,10,4800,396975,7.44,2.2329627065805626,1.0,13.56
Q-Learning,10,5200,405935,8.04,2.2311340577548155,1.0,12.96
Q-Learning,10,5600,414255,7.92,2.7467234654981865,1.0,13.08
Q-Learning,10,6000,421934,8.14,2.7181175959303383,1.0,12.86
Q-Learning,10,6400,428954,8.08,2.562205682450898,1.0,12.92
Q-Learning,10,6800,435374,8.3,2.894399941336401,1.0,12.7
Q-Learning,10,7200,441668,8.08,2.5381979788014637,1.0,12.92
Q-Learning,10,7600,447414,7.72,2.303856571499366,1.0,13.28
Q-Learning,10,8000,452907,8.1,2.533449692995457,1.0,12.9
Q-Learning,10,8400,458155,8.66,2.395659340029251,1.0,12.34
Q-Learning,10,8800,463548,8.06,2.9513746364868623,1.0,12.94
Q-Learning,10,9200,468714,8.06,2.9375124836903646,1.0,12.94
Q-Learning,10,9600,473991,8.16,2.5423755563228174,1.0,12.84
Q-Learning,10,10000,479285,7.8,2.4660966430902955,1.0,13.2
Q-Learning,11,1,200,-827.66,320.3339208019134,0.08,195.2
Q-Learning,11,400,77908,-195.7,30.405591591021544,0.02,196.12
Q-Learning,11,800,150868,-153.56,88.33428160189253,0.22,158.18
Q-Learning,11,1200,213177,-57.86,98.51530700498127,0.68,72.14
Q-Learning,11,1600,258013,-29.16,80.88953414808294,0.82,46.38
Q-Learning,11,2000,290224,-13.14,62.96128061866958,0.9,32.04
Q-Learning,11,2400,314975,7.86,2.523441123157189,1.0,13.14
Q-Learning,11,2800,335155,7.78,2.7648670485067393,1.0,13.22
Q-Learning,11,3200,351295,7.48,2.7644979615821454,1.0,13.52
Q-Learning,11,3600,365592,7.88,2.504200552704049,1.0,13.12
Q-Learning,11,4000,378494,7.76,2.7742253929001954,1.0,13.24
Q-Learning,11,4400,389472,8.5,2.823010406481358,1.0,12.5
Q-Learning,11,4800,399208,8.36,2.529499426159013,1.0,12.64
Q-Learning,11,5200,408409,7.9,2.7199189663799674,1.0,13.1
Q-Learning,11,5600,416706,7.92,2.6637398904700946,1.0,13.08
Q-Learning,11,6000,424294,7.98,2.736674579686456,1.0,13.02
Q-Learning,11,6400,431539,8.3,2.5172871695294425,1.0,12.7
Q-Learning,11,6800,438136,7.42,2.365483080489403,1.0,13.58
Q-Learning,11,7200,444235,8.48,2.5494297081376245,1.0,12.52
Q-Learning,11,7600,450065,7.86,2.6954988936585167,1.0,13.14
Q-Learning,11,8000,455437,7.98,2.6991306234506283,1.0,13.02
Q-Learning,11,8400,460786,8.52,2.7571058472719585,1.0,12.48
Q-Learning,11,8800,466061,7.38,2.2396246041126937,1.0,13.62
Q-Learning,11,9200,471338,7.1,2.3408528011677054,1.0,13.9
Q-Learning,11,9600,476729,7.9,2.998298837402194,1.0,13.1
Q-Learning,11,10000,482160,8.0,2.276768207215604,1.0,13.0
Q-Learning,12,1,200,-818.08,275.2279826779603,0.02,197.32
Q-Learning,12,400,77900,-200.0,0.0,0.0,200.0
Q-Learning,12,800,151107,-161.86,82.2338651130334,0.18,165.64
Q-Learning,12,1200,210294,-70.32,102.56912850584712,0.62,83.34
Q-Learning,12,1600,255629,-16.5,68.48990689830711,0.88,34.98
Q-Learning,12,2000,287124,-0.2,41.26420596446212,0.96,20.36
Q-Learning,12,2400,311217,-5.0,49.832372069995316,0.94,24.74
Q-Learning,12,2800,331139,8.18,2.4882581400306063,1.0,12.82
Q-Learning,12,3200,347616,8.02,2.5434188785641925,1.0,12.98
Q-Learning,12,3600,362297,8.7,2.4011051877102303,1.0,12.3
Q-Learning,12,4000,374883,7.68,2.574918266981042,1.0,13.32
Q-Learning,12,4400,386225,7.84,2.6905731124556693,1.0,13.16
Q-Learning,12,4800,396059,7.94,2.7435267039907236,1.0,13.06
Q-Learning,12,5200,405112,8.54,2.929163703175362,1.0,12.46
Q-Learning,12,5600,413471,7.7,2.5813301427989503,1.0,13.3
Q-Learning,12,6000,421163,7.34,2.4711395371862146,1.0,13.66
Q-Learning,12,6400,428148,8.16,2.838223071585747,1.0,12.84
Q-Learning,12,6800,434664,7.82,2.8975006823263447,1.0,13.18
Q-Learning,12,7200,440806,8.7,2.9846546308251685,1.0,12.3
Q-Learning,12,7600,446571,8.24,2.8107664725596297,1.0,12.76
Q-Learning,12,8000,452008,7.6,2.920721185751553,1.0,13.4
Q-Learning,12,8400,457351,7.58,2.7485803385658967,1.0,13.42
Q-Learning,12,8800,462569,8.14,2.1760289613919035,1.0,12.86
Q-Learning,12,9200,467849,7.7,2.3495548861997895,1.0,13.3
Q-Learning,12,9600,473054,7.54,2.434530504123989,1.0,13.46
Q-Learning,12,10000,478332,7.32,2.773342490827372,1.0,13.68
Q-Learning,13,1,200,-745.72,114.67665990309716,0.04,195.22
Q-Learning,13,400,79377,-200.0,0.0,0.0,200.0
Q-Learning,13,800,152091,-178.84,64.12562924861332,0.1,180.94
Q-Learning,13,1200,212918,-95.46,105.60828855845027,0.5,105.96
Q-Learning,13,1600,258878,-20.68,73.11563109352255,0.86,38.74
Q-Learning,13,2000,292174,7.76,2.5679341335567223,1.0,13.24
Q-Learning,13,2400,317503,8.54,2.5169628604364283,1.0,12.46
Q-Learning,13,2800,337504,7.92,2.7168409025550098,1.0,13.08
Q-Learning,13,3200,354332,7.8,2.6726124191242437,1.0,13.2
Q-Learning,13,3600,368756,7.24,2.5439804902345218,1.0,13.76
Q-Learning,13,4000,381473,7.62,2.694590196399188,1.0,13.38
Q-Learning,13,4400,392635,7.64,2.79036242251425,1.0,13.36
Q-Learning,13,4800,402616,7.7,2.5253813613805267,1.0,13.3
Q-Learning,13,5200,411679,7.82,2.3096072640788337,1.0,13.18
Q-Learning,13,5600,419903,7.56,2.681455590091444,1.0,13.44
Q-Learning,13,6000,427625,8.22,2.8520669196717163,1.0,12.78
Q-Learning,13,6400,434780,7.74,2.183518972219114,1.0,13.26
Q-Learning,13,6800,441504,7.9,2.4598821939603663,1.0,13.1
Q-Learning,13,7200,447739,8.1,2.9154759474226504,1.0,12.9
Q-Learning,13,7600,453413,7.48,2.149893210447098,1.0,13.52
Q-Learning,13,8000,458898,7.72,2.7333167412803197,1.0,13.28
Q-Learning,13,8400,464133,8.06,2.436206485669129,1.0,12.94
Q-Learning,13,8800,469429,8.22,2.581646366019884,1.0,12.78
Q-Learning,13,9200,474662,7.62,2.954691875920847,1.0,13.38
Q-Learning,13,9600,479932,8.28,2.6805421321906095,1.0,12.72
Q-Learning,13,10000,485227,7.82,2.327212574593679,1.0,13.18
Q-Learning,14,1,200,-821.1,267.64713672280965,0.02,198.9
Q-Learning,14,400,78134,-195.74,30.122748878546915,0.02,196.16
Q-Learning,14,800,151983,-158.1,84.6614506401219,0.2,162.3
Q-Learning,14,1200,211871,-91.0,105.79552862740003,0.52,101.92
Q-Learning,14,1600,255999,-3.76,50.14450953728328,0.94,23.5
Q-Learning,14,2000,288203,7.1,2.4264696787804327,1.0,13.9
Q-Learning,14,2400,312247,7.34,2.1816488802588503,1.0,13.66
Q-Learning,14,2800,332102,7.38,2.174903235004411,1.0,13.62
Q-Learning,14,3200,349156,7.88,2.5365893862203466,1.0,13.12
Q-Learning,14,3600,364246,8.58,2.4668413249434953,1.0,12.42
Q-Learning,14,4000,376661,8.5,2.4681646490244282,1.0,12.5
Q-Learning,14,4400,387941,7.24,2.4122138193377642,1.0,13.76
Q-Learning,14,4800,397897,7.66,2.774593185845229,1.0,13.34
Q-Learning,14,5200,406945,7.88,2.607993990227206,1.0,13.12
Q-Learning,14,5600,415264,8.14,2.490881329152067,1.0,12.86
Q-Learning,14,6000,422777,7.84,2.5503901262195883,1.0,13.16
Q-Learning,14,6400,429827,7.98,2.80298674521974,1.0,13.02
Q-Learning,14,6800,436521,7.6,2.610809554642438,1.0,13.4
Q-Learning,14,7200,442614,7.1,2.3840456097540907,1.0,13.9
Q-Learning,14,7600,448325,7.68,2.8886830556359704,1.0,13.32
Q-Learning,14,8000,453766,7.52,2.3581383179386686,1.0,13.48
Q-Learning,14,8400,459054,7.48,2.168795395925525,1.0,13.52
Q-Learning,14,8800,464330,7.9,2.742336260064638,1.0,13.1
Q-Learning,14,9200,469513,7.98,2.502977818356302,1.0,13.02
Q-Learning,14,9600,474883,7.66,2.7301042814799406,1.0,13.34
Q-Learning,14,10000,480143,7.74,2.3544140048263493,1.0,13.26
Q-Learning,15,1,200,-752.86,118.97933451157107,0.04,197.14
Q-Learning,15,400,78489,-200.0,0.0,0.0,200.0
Q-Learning,15,800,150364,-149.52,90.74796675070883,0.24,154.56
Q-Learning,15,1200,210595,-66.0,101.53676322256037,0.64,79.44
Q-Learning,15,1600,254622,-4.16,50.034828685952874,0.94,23.9
Q-Learning,15,2000,287432,-4.72,49.904005810339186,0.94,24.46
Q-Learning,15,2400,312444,-0.68,41.166877908516376,0.96,20.84
Q-Learning,15,2800,332412,4.34,29.61426159464251,0.98,16.24
Q-Learning,15,3200,349208,7.98,2.8606407160149367,1.0,13.02
Q-Learning,15,3600,363748,8.06,2.8600699292150185,1.0,12.94
Q-Learning,15,4000,376487,7.78,2.169265840258931,1.0,13.22
Q-Learning,15,4400,387689,8.1,2.3754698783308417,1.0,12.9
Q-Learning,15,4800,397872,8.3,2.5414924106653136,1.0,12.7
Q-Learning,15,5200,406971,8.66,2.8757252856222806,1.0,12.34
Q-Learning,15,5600,415224,8.08,2.7318230438403477,1.0,12.92
Q-Learning,15,6000,422618,7.68,2.3856715137312117,1.0,13.32
Q-Learning,15,6400,429616,8.1,2.2154374884672605,1.0,12.9
Q-Learning,15,6800,436079,7.36,2.5853590916259703,1.0,13.64
Q-Learning,15,7200,442236,7.68,2.271743015072482,1.0,13.32
Q-Learning,15,7600,447955,8.02,2.810258176824358,1.0,12.98
Q-Learning,15,8000,453404,7.1,2.565469285152567,1.0,13.9
Q-Learning,15,8400,458672,7.74,2.328264659898142,1.0,13.26
Q-Learning,15,8800,463833,7.52,2.779223206698782,1.0,13.48
Q-Learning,15,9200,469130,8.44,2.956556187491778,1.0,12.56
Q-Learning,15,9600,474381,8.3,2.830230393736993,1.0,12.7
Q-Learning,15,10000,479714,8.62,3.089746043325389,1.0,12.38
Q-Learning,16,1,200,-772.06,109.3961925241254,0.04,198.7
Q-Learning,16,400,78593,-200.0,0.0,0.0,200.0
Q-Learning,16,800,152496,-149.28,91.17935677575719,0.24,154.32
Q-Learning,16,1200,216369,-65.86,101.641227775315,0.64,79.3
Q-Learning,16,1600,259377,-25.12,77.12794564877247,0.84,42.76
Q-Learning,16,2000,292049,7.7,2.808514750191071,1.0,13.3
Q-Learning,16,2400,316508,4.34,29.614950719568135,0.98,16.24
Q-Learning,16,2800,336566,8.1,3.1444801004364487,1.0,12.9
Q-Learning,16,3200,353428,7.94,2.4941564358577457,1.0,13.06
Q-Learning,16,3600,367963,7.46,2.4678338845296404,1.0,13.54
Q-Learning,16,4000,380804,7.88,2.1912627987216013,1.0,13.12
Q-Learning,16,4400,391411,7.44,2.483907389249315,1.0,13.56
Q-Learning,16,4800,401250,8.42,2.5078651788128568,1.0,12.58
Q-Learning,16,5200,410109,7.98,2.2268308220886652,1.0,13.02
Q-Learning,16,5600,418418,7.42,2.2505328167311123,1.0,13.58
Q-Learning,16,6000,425990,8.44,2.9218389512673104,1.0,12.56
Q-Learning,16,6400,433110,7.72,2.3564068114874583,1.0,13.28
Q-Learning,16,6800,439822,7.42,2.807351864265667,1.0,13.58
Q-Learning,16,7200,446060,7.06,2.093819866333554,1.0,13.94
Q-Learning,16,7600,451757,7.78,2.549829926301208,1.0,13.22
Q-Learning,16,8000,457193,7.86,2.285803569684778,1.0,13.14
Q-Learning,16,8400,462510,8.34,2.6696327042329635,1.0,12.66
Q-Learning,16,8800,467757,7.18,2.7825256476071942,1.0,13.82
Q-Learning,16,9200,473125,8.16,2.444151703765625,1.0,12.84
Q-Learning,16,9600,478400,8.16,2.7282348333899797,1.0,12.84
Q-Learning,16,10000,483674,7.66,2.669632704232963,1.0,13.34
Q-Learning,17,1,200,-820.34,167.87235311025907,0.02,198.32
Q-Learning,17,400,77832,-187.32,50.699370039961835,0.06,188.58
Q-Learning,17,800,152013,-157.82,85.22304229945978,0.2,162.02
Q-Learning,17,1200,214350,-57.3,98.90507714831573,0.68,71.58
Q-Learning,17,1600,257486,-37.64,87.13366696270363,0.78,54.02
Q-Learning,17,2000,289014,3.5,29.44399734397211,0.98,17.08
Q-Learning,17,2400,315017,8.16,2.5343356413184783,1.0,12.84
Q-Learning,17,2800,335709,7.92,2.431426892730661,1.0,13.08
Q-Learning,17,3200,352736,8.02,2.3946368648055416,1.0,12.98
Q-Learning,17,3600,366613,8.22,2.6130754419469264,1.0,12.78
Q-Learning,17,4000,378979,7.56,2.425712603061843,1.0,13.44
Q-Learning,17,4400,390245,7.9,2.589224137198837,1.0,13.1
Q-Learning,17,4800,400156,7.48,2.6896627510313844,1.0,13.52
Q-Learning,17,5200,409223,7.34,2.2911542407926277,1.0,13.66
Q-Learning,17,5600,417460,7.8,2.657296462534039,1.0,13.2
Q-Learning,17,6000,425128,8.12,2.760065068739045,1.0,12.88
Q-Learning,17,6400,432266,7.54,2.2696758736499296,1.0,13.46
Q-Learning,17,6800,438886,7.58,2.382675566908524,1.0,13.42
Q-Learning,17,7200,445190,7.72,2.63446544165326,1.0,13.28
Q-Learning,17,7600,451010,7.96,2.547187324345448,1.0,13.04
Q-Learning,17,8000,456428,7.62,2.5705554073080816,1.0,13.38
Q-Learning,17,8400,461786,8.02,2.7292071062071175,1.0,12.98
Q-Learning,17,8800,467174,7.98,2.83915767905388,1.0,13.02
Q-Learning,17,9200,472394,7.7,2.178278668853844,1.0,13.3
Q-Learning,17,9600,477616,7.8,2.857142857142857,1.0,13.2
Q-Learning,17,10000,482964,7.8,2.498979383505129,1.0,13.2
Q-Learning,18,1,200,-759.1,124.30792084044148,0.06,197.32
Q-Learning,18,400,77744,-195.72,30.26417023478423,0.02,196.14
Q-Learning,18,800,150644,-124.5,101.69908594295552,0.36,132.06
Q-Learning,18,1200,211375,-53.22,97.08786048245797,0.7,67.92
Q-Learning,18,1600,257218,-24.86,77.25494766534703,0.84,42.5
Q-Learning,18,2000,290947,4.24,29.574920428757657,0.98,16.34
Q-Learning,18,2400,316851,7.66,2.50395605360145,1.0,13.34
Q-Learning,18,2800,337122,8.08,3.0960145546248614,1.0,12.92
Q-Learning,18,3200,354373,8.24,2.699659842518335,1.0,12.76
Q-Learning,18,3600,369142,7.76,2.171804478740559,1.0,13.24
Q-Learning,18,4000,381868,7.84,3.11913122388859,1.0,13.16
Q-Learning,18,4400,393323,7.96,2.1088733813995355,1.0,13.04
Q-Learning,18,4800,403350,8.5,2.0627898683133785,1.0,12.5
Q-Learning,18,5200,412609,7.18,2.818959136320514,1.0,13.82
Q-Learning,18,5600,420928,8.8,2.276768207215604,1.0,12.2
Q-Learning,18,6000,428538,8.24,2.308458271625618,1.0,12.76
Q-Learning,18,6400,435520,7.7,2.5414924106653136,1.0,13.3
Q-Learning,18,6800,442013,7.52,2.4927650412785414,1.0,13.48
Q-Learning,18,7200,448092,8.3,2.808514750191071,1.0,12.7
Q-Learning,18,7600,454041,8.08,2.981849857291371,1.0,12.92
Q-Learning,18,8000,459451,7.52,2.851709118749523,1.0,13.48
Q-Learning,18,8400,464637,8.24,2.81076647255963,1.0,12.76
Q-Learning,18,8800,470012,7.72,2.466427640560827,1.0,13.28
Q-Learning,18,9200,475300,7.72,2.7032859822891133,1.0,13.28
Q-Learning,18,9600,480518,8.04,2.2402623753043036,1.0,12.96
Q-Learning,18,10000,485826,7.22,2.525704589509507,1.0,13.78
Q-Learning,19,1,200,-778.26,177.43901625571507,0.06,197.04
Q-Learning,19,400,77285,-191.44,42.36101403654168,0.04,192.28
Q-Learning,19,800,150256,-153.84,87.8020407926088,0.22,158.46
Q-Learning,19,1200,211957,-58.14,98.31644245568927,0.68,72.42
Q-Learning,19,1600,255499,-0.24,41.253106252865415,0.96,20.4
Q-Learning,19,2000,287129,3.98,29.54034943764137,0.98,16.6
Q-Learning,19,2400,312193,7.72,2.3993196314533733,1.0,13.28
Q-Learning,19,2800,332555,3.78,29.496654946980417,0.98,16.8
Q-Learning,19,3200,349347,8.26,2.363066150714588,1.0,12.74
Q-Learning,19,3600,363788,8.04,2.6799329872828035,1.0,12.96
Q-Learning,19,4000,376413,7.94,2.8096771548143593,1.0,13.06
Q-Learning,19,4400,387669,8.14,2.356146975769672,1.0,12.86
Q-Learning,19,4800,397374,7.98,2.403144198922804,1.0,13.02
Q-Learning,19,5200,406468,7.78,2.8232995604723325,1.0,13.22
Q-Learning,19,5600,414716,8.02,2.5989793915210293,1.0,12.98
Q-Learning,19,6000,422468,8.28,2.1384717029901976,1.0,12.72
Q-Learning,19,6400,429519,8.28,2.523683734511267,1.0,12.72
Q-Learning,19,6800,436077,8.22,2.7500649342983055,1.0,12.78
Q-Learning,19,7200,442242,7.98,2.8102581768243575,1.0,13.02
Q-Learning,19,7600,448130,8.54,2.8728852026760663,1.0,12.46
Q-Learning,19,8000,453658,7.6,2.347382389307855,1.0,13.4
Q-Learning,19,8400,458932,7.38,2.7470949405226057,1.0,13.62
Q-Learning,19,8800,464224,8.02,2.4783964532721225,1.0,12.98
Q-Learning,19,9200,469434,8.16,2.5262701392223534,1.0,12.84
Q-Learning,19,9600,474737,8.46,2.851494416645992,1.0,12.54
Q-Learning,19,10000,479961,7.84,2.9302086016151807,1.0,13.16
Q-Learning,20,1,200,-782.92,112.86796331491563,0.02,199.42
Q-Learning,20,400,78029,-183.14,57.75564642420298,0.08,184.82
Q-Learning,20,800,149387,-132.9,98.81651725107828,0.32,139.62
Q-Learning,20,1200,208928,-49.52,94.80425375800522,0.72,64.64
Q-Learning,20,1600,252671,-37.28,87.32581262731202,0.78,53.66
Q-Learning,20,2000,286380,-20.3,73.27227668506175,0.86,38.36
Q-Learning,20,2400,311302,-0.56,41.20142656535582,0.96,20.72
Q-Learning,20,2800,331727,3.34,29.426220433137377,0.98,17.24
Q-Learning,20,3200,348929,8.56,2.6353948703086187,1.0,12.44
Q-Learning,20,3600,363051,7.64,2.905027310279438,1.0,13.36
Q-Learning,20,4000,375621,7.4,2.5951288749407073,1.0,13.6
Q-Learning,20,4400,386829,8.04,2.4904716379818175,1.0,12.96
Q-Learning,20,4800,397080,8.3,2.418044411401537,1.0,12.7
Q-Learning,20,5200,406205,8.38,2.8058975791161367,1.0,12.62
Q-Learning,20,5600,414357,8.26,2.537956754910516,1.0,12.74
Q-Learning,20,6000,421998,8.2,2.9760952365713798,1.0,12.8
Q-Learning,20,6400,429049,7.18,2.6472164818995854,1.0,13.82
Q-Learning,20,6800,435589,7.22,2.565787463162615,1.0,13.78
Q-Learning,20,7200,441561,8.02,2.83915767905388,1.0,12.98
Q-Learning,20,7600,447259,8.28,2.9210006672301847,1.0,12.72
Q-Learning,20,8000,452765,7.96,2.1755599795201683,1.0,13.04
Q-Learning,20,8400,458032,7.74,2.8700423092949094,1.0,13.26
Q-Learning,20,8800,463328,8.16,2.6291924732176777,1.0,12.84
Q-Learning,20,9200,468700,7.42,2.3042994419925864,1.0,13.58
Q-Learning,20,9600,473971,7.76,2.263823747376035,1.0,13.24
Q-Learning,20,10000,479292,7.56,2.467420366558184,1.0,13.44
Q-Learning,21,1,200,-761.34,126.44973349928745,0.04,196.44
Q-Learning,21,400,78245,-195.78,29.839906166072307,0.02,196.2
Q-Learning,21,800,150655,-157.66,85.542830899891,0.2,161.86
Q-Learning,21,1200,209783,-62.14,99.96938510956079,0.66,76.0
Q-Learning,21,1600,253072,-24.66,77.3285094085418,0.84,42.3
Q-Learning,21,2000,284856,-12.78,63.09509829274719,0.9,31.68
Q-Learning,21,2400,309408,-4.26,50.017062394869264,0.94,24.0
Q-Learning,21,2800,329874,7.84,3.11913122388859,1.0,13.16
Q-Learning,21,3200,346630,8.34,2.6388773123030473,1.0,12.66
Q-Learning,21,3600,360842,7.34,2.378560703536524,1.0,13.66
Q-Learning,21,4000,373596,8.06,2.50232544906957,1.0,12.94
Q-Learning,21,4400,384653,8.36,2.768334060294703,1.0,12.64
Q-Learning,21,4800,394416,8.06,2.7951123521648444,1.0,12.94
Q-Learning,21,5200,403454,7.34,2.3265109200741976,1.0,13.66
Q-Learning,21,5600,411652,8.92,2.679019010224238,1.0,12.08
Q-Learning,21,6000,419131,8.24,2.1529287124325145,1.0,12.76
Q-Learning,21,6400,426035,7.46,3.0719933035641303,1.0,13.54
Q-Learning,21,6800,432530,7.8,2.770102775666474,1.0,13.2
Q-Learning,21,7200,438741,8.16,2.675359979593057,1.0,12.84
Q-Learning,21,7600,444504,8.04,2.7624301634907016,1.0,12.96
Q-Learning,21,8000,449989,7.46,2.5571827610613576,1.0,13.54
Q-Learning,21,8400,455368,7.96,2.6951203070341325,1.0,13.04
Q-Learning,21,8800,460658,7.88,2.1346509536403255,1.0,13.12
Q-Learning,21,9200,465844,8.04,2.7771663726223697,1.0,12.96
Q-Learning,21,9600,471220,8.38,2.8563570347917087,1.0,12.62
Q-Learning,21,10000,476519,7.68,2.574918266981042,1.0,13.32
Q-Learning,22,1,198,-892.68,302.72958499732573,0.04,198.0
Q-Learning,22,400,77515,-200.0,0.0,0.0,200.0
Q-Learning,22,800,150770,-141.2,95.2519751790492,0.28,147.08
Q-Learning,22,1200,211082,-62.04,100.04426775285069,0.66,75.9
Q-Learning,22,1600,256400,-8.34,57.12950201078249,0.92,27.66
Q-Learning,22,2000,290393,8.34,2.584174758733137,1.0,12.66
Q-Learning,22,2400,315304,3.78,29.52016951447375,0.98,16.8
Q-Learning,22,2800,334960,8.0,2.3211538298959886,1.0,13.0
Q-Learning,22,3200,351851,3.5,29.475171149387993,0.98,17.08
Q-Learning,22,3600,366208,7.44,2.287142410993086,1.0,13.56
Q-Learning,22,4000,378772,7.84,2.469074022910663,1.0,13.16
Q-Learning,22,4400,390050,8.4,3.0304576336566322,1.0,12.6
Q-Learning,22,4800,399905,7.82,2.730702234568528,1.0,13.18
Q-Learning,22,5200,409070,7.54,2.815481979255098,1.0,13.46
Q-Learning,22,5600,417313,7.14,2.4826746603990935,1.0,13.86
Q-Learning,22,6000,424690,8.22,2.63640138159916,1.0,12.78
Q-Learning,22,6400,431722,7.88,2.512336907083498,1.0,13.12
Q-Learning,22,6800,438250,8.16,2.7505843534991405,1.0,12.84
Q-Learning,22,7200,444403,8.3,2.6668792432277812,1.0,12.7
Q-Learning,22,7600,450132,7.96,2.7401772622535625,1.0,13.04
Q-Learning,22,8000,455596,7.82,2.3878091743397802,1.0,13.18
Q-Learning,22,8400,460848,9.26,2.655836852623877,1.0,11.74
Q-Learning,22,8800,466167,8.14,2.4495730573439336,1.0,12.86
Q-Learning,22,9200,471420,8.56,2.619861345450891,1.0,12.44
Q-Learning,22,9600,476634,8.04,2.4324339032906015,1.0,12.96
Q-Learning,22,10000,481828,7.78,2.5176114368461975,1.0,13.22
Q-Learning,23,1,200,-744.78,148.58946181767166,0.1,191.04
Q-Learning,23,400,78083,-200.0,0.0,0.0,200.0
Q-Learning,23,800,148819,-145.24,93.32684719930951,0.26,150.7
Q-Learning,23,1200,208614,-53.42,96.94856410299563,0.7,68.12
Q-Learning,23,1600,252972,-25.48,76.97024073746732,0.84,43.12
Q-Learning,23,2000,285950,8.56,2.60423516916705,1.0,12.44
Q-Learning,23,2400,310344,8.18,2.3792470083054877,1.0,12.82
Q-Learning,23,2800,330238,7.92,2.709318763686788,1.0,13.08
Q-Learning,23,3200,346923,8.26,2.7241175317028103,1.0,12.74
Q-Learning,23,3600,361142,7.72,2.3302798290404207,1.0,13.28
Q-Learning,23,4000,373569,7.84,2.5423755563228174,1.0,13.16
Q-Learning,23,4400,384358,7.24,2.181181106741979,1.0,13.76
Q-Learning,23,4800,394351,7.84,2.8951754379184917,1.0,13.16
Q-Learning,23,5200,403382,7.98,2.57531452408423,1.0,13.02
Q-Learning,23,5600,411793,7.64,2.4970186304503867,1.0,13.36
Q-Learning,23,6000,419485,8.36,2.561568397107761,1.0,12.64
Q-Learning,23,6400,426442,8.5,2.612763022595983,1.0,12.5
Q-Learning,23,6800,433073,9.0,2.523360247522242,1.0,12.0
Q-Learning,23,7200,439075,7.56,2.719243592303881,1.0,13.44
Q-Learning,23,7600,444840,8.28,2.491127111512836,1.0,12.72
Q-Learning,23,8000,450220,8.0,2.4327694808466287,1.0,13.0
Q-Learning,23,8400,455464,7.08,2.2024105532116303,1.0,13.92
Q-Learning,23,8800,460738,8.32,2.289639486817048,1.0,12.68
Q-Learning,23,9200,466027,7.42,2.2595827680601315,1.0,13.58
Q-Learning,23,9600,471332,8.08,2.538197978801464,1.0,12.92
Q-Learning,23,10000,476591,7.62,2.3289657860632182,1.0,13.38
Q-Learning,24,1,200,-762.14,243.66713745918022,0.06,192.62
Q-Learning,24,400,77656,-195.74,30.122748878546915,0.02,196.16
Q-Learning,24,800,149776,-140.86,95.80358520836008,0.28,146.74
Q-Learning,24,1200,209416,-65.98,101.55434656440092,0.64,79.42
Q-Learning,24,1600,253061,0.34,41.370210124125386,0.96,19.82
Q-Learning,24,2000,285575,4.06,29.57964689113245,0.98,16.52
Q-Learning,24,2400,309241,3.66,29.497568215231652,0.98,16.92
Q-Learning,24,2800,329529,4.02,29.51615953116848,0.98,16.56
Q-Learning,24,3200,347511,7.94,2.226097527980666,1.0,13.06
Q-Learning,24,3600,361889,7.64,2.5133114995713424,1.0,13.36
Q-Learning,24,4000,374439,7.94,2.5507901936938873,1.0,13.06
Q-Learning,24,4400,385749,7.6,2.5314350209527645,1.0,13.4
Q-Learning,24,4800,395720,8.3,2.6973153697856005,1.0,12.7
Q-Learning,24,5200,404862,7.98,2.461872524427415,1.0,13.02
Q-Learning,24,5600,413086,7.88,2.811347269440002,1.0,13.12
Q-Learning,24,6000,420614,8.12,2.8688332265282783,1.0,12.88
Q-Learning,24,6400,427716,7.78,2.3149029159349386,1.0,13.22
Q-Learning,24,6800,434225,7.44,2.3313305301514684,1.0,13.56
Q-Learning,24,7200,440294,7.52,2.196843747056124,1.0,13.48
Q-Learning,24,7600,445962,7.86,2.364792781188065,1.0,13.14
Q-Learning,24,8000,451391,7.94,2.3682422655994104,1.0,13.06
Q-Learning,24,8400,456679,7.96,2.449156456198496,1.0,13.04
Q-Learning,24,8800,461975,7.96,2.498652698180051,1.0,13.04
Q-Learning,24,9200,467255,7.44,2.572698099312098,1.0,13.56
Q-Learning,24,9600,472494,8.3,2.8802635933794223,1.0,12.7
Q-Learning,24,10000,477685,7.52,2.8011659380059757,1.0,13.48
Q-Learning,25,1,200,-759.0,112.02896855687982,0.06,196.32
Q-Learning,25,400,78333,-200.0,0.0,0.0,200.0
Q-Learning,25,800,150915,-170.46,73.96364523417252,0.14,173.4
Q-Learning,25,1200,211377,-99.52,105.65446956364651,0.48,109.6
Q-Learning,25,1600,255227,-29.06,80.93797322767652,0.82,46.28
Q-Learning,25,2000,288329,-0.4,41.26074380802941,0.96,20.56
Q-Learning,25,2400,313474,8.5,2.4264696787804327,1.0,12.5
Q-Learning,25,2800,334273,8.46,2.779002904434816,1.0,12.54
Q-Learning,25,3200,351239,8.22,2.581646366019884,1.0,12.78
Q-Learning,25,3600,365907,8.0,2.424366106925306,1.0,13.0
Q-Learning,25,4000,378536,7.6,2.5071326821120348,1.0,13.4
Q-Learning,25,4400,389892,7.88,2.5844116687303105,1.0,13.12
Q-Learning,25,4800,400158,7.68,2.4779846979481746,1.0,13.32
Q-Learning,25,5200,409342,8.2,3.003399434518377,1.0,12.8
Q-Learning,25,5600,417808,7.8,2.864276807966203,1.0,13.2
Q-Learning,25,6000,425468,7.9,2.3145502494313788,1.0,13.1
Q-Learning,25,6400,432534,7.72,3.156076096441689,1.0,13.28
Q-Learning,25,6800,439210,8.36,2.7312253361329772,1.0,12.64
Q-Learning,25,7200,445400,8.1,2.4764194033371023,1.0,12.9
Q-Learning,25,7600,451218,7.84,2.7801042411817467,1.0,13.16
Q-Learning,25,8000,456633,7.9,2.484646732989441,1.0,13.1
Q-Learning,25,8400,461900,7.96,2.3815618267628236,1.0,13.04
Q-Learning,25,8800,467117,7.72,2.642200690673575,1.0,13.28
Q-Learning,25,9200,472410,8.32,3.2226241050499485,1.0,12.68
Q-Learning,25,9600,477658,8.24,2.4624527344474565,1.0,12.76
Q-Learning,25,10000,483027,7.84,2.4773257470794703,1.0,13.16
Q-Learning,26,1,200,-763.96,143.36836528071774,0.04,197.26
Q-Learning,26,400,78694,-195.76,29.981327522309613,0.02,196.18
Q-Learning,26,800,150824,-128.06,101.2554679803435,0.34,135.2
Q-Learning,26,1200,210884,-53.5,96.91048889125912,0.7,68.2
Q-Learning,26,1600,253798,-33.24,84.25460927257018,0.8,50.04
Q-Learning,26,2000,285349,-12.88,63.036316063497424,0.9,31.78
Q-Learning,26,2400,310234,8.84,2.957936401463365,1.0,12.16
Q-Learning,26,2800,329943,3.28,29.45909651274015,0.98,17.3
Q-Learning,26,3200,346746,8.28,2.3564068114874583,1.0,12.72
Q-Learning,26,3600,360987,8.38,2.8058975791161367,1.0,12.62
Q-Learning,26,4000,373611,7.82,2.616197583501362,1.0,13.18
Q-Learning,26,4400,384515,7.9,2.062789868313379,1.0,13.1
Q-Learning,26,4800,394276,7.9,2.9571773634977787,1.0,13.1
Q-Learning,26,5200,403251,7.4,2.424366106925306,1.0,13.6
Q-Learning,26,5600,411525,8.12,2.760065068739045,1.0,12.88
Q-Learning,26,6000,419272,7.84,2.6214188399975074,1.0,13.16
Q-Learning,26,6400,426306,7.96,2.732719360278478,1.0,13.04
Q-Learning,26,6800,432918,8.32,2.999591808964707,1.0,12.68
Q-Learning,26,7200,439152,8.64,2.5051783104894825,1.0,12.36
Q-Learning,26,7600,444900,7.9,2.242902638301083,1.0,13.1
Q-Learning,26,8000,450249,7.92,2.6866259850737446,1.0,13.08
Q-Learning,26,8400,455588,7.46,2.7345857426077296,1.0,13.54
Q-Learning,26,8800,460922,8.46,2.635782035521054,1.0,12.54
Q-Learning,26,9200,466157,7.88,2.429747614339348,1.0,13.12
Q-Learning,26,9600,471504,7.78,2.5816463660198843,1.0,13.22
Q-Learning,26,10000,476826,8.14,2.3990644435032658,1.0,12.86
Q-Learning,27,1,200,-786.54,59.56619024587826,0.02,199.98
Q-Learning,27,400,78624,-200.0,0.0,0.0,200.0
Q-Learning,27,800,152383,-157.8,85.26549173981614,0.2,162.0
Q-Learning,27,1200,213441,-41.04,90.24772256722841,0.76,57.0
Q-Learning,27,1600,258176,-12.1,63.326575006396936,0.9,31.0
Q-Learning,27,2000,290611,8.06,2.1515063541241832,1.0,12.94
Q-Learning,27,2400,315016,8.28,2.3477301239056154,1.0,12.72
Q-Learning,27,2800,335249,-1.02,41.08005623667236,0.96,21.18
Q-Learning,27,3200,351998,7.8,2.498979383505129,1.0,13.2
Q-Learning,27,3600,366433,7.7,2.7497680792743084,1.0,13.3
Q-Learning,27,4000,379146,8.14,2.9067830595182094,1.0,12.86
Q-Learning,27,4400,390339,7.24,2.5916663932453865,1.0,13.76
Q-Learning,27,4800,400340,7.94,2.765752656168306,1.0,13.06
Q-Learning,27,5200,409068,8.1,1.9613614596779974,1.0,12.9
Q-Learning,27,5600,417436,8.16,2.427394672886794,1.0,12.84
Q-Learning,27,6000,424943,8.32,3.1586615610322766,1.0,12.68
Q-Learning,27,6400,432008,7.82,2.9255384991833697,1.0,13.18
Q-Learning,27,6800,438556,7.84,2.866840684482499,1.0,13.16
Q-Learning,27,7200,444735,7.96,2.618302924430562,1.0,13.04
Q-Learning,27,7600,450406,7.9,2.4681646490244282,1.0,13.1
Q-Learning,27,8000,455872,7.6,2.7921171836702947,1.0,13.4
Q-Learning,27,8400,461229,7.44,2.5647532403086015,1.0,13.56
Q-Learning,27,8800,466394,8.08,2.248264636903543,1.0,12.92
Q-Learning,27,9200,471698,7.36,2.5375546641342304,1.0,13.64
Q-Learning,27,9600,476955,8.42,3.350845156868058,1.0,12.58
Q-Learning,27,10000,482297,7.76,2.470726572471824,1.0,13.24
Q-Learning,28,1,200,-741.16,154.941511018625,0.06,195.76
Q-Learning,28,400,77499,-200.0,0.0,0.0,200.0
Q-Learning,28,800,149692,-162.26,81.3721132595592,0.18,166.04
Q-Learning,28,1200,208495,-65.9,101.61336285255045,0.64,79.34
Q-Learning,28,1600,253476,-49.92,94.55866120119967,0.72,65.04
Q-Learning,28,2000,286225,4.12,29.559100259704547,0.98,16.46
Q-Learning,28,2400,311847,7.88,2.5765029297361135,1.0,13.12
Q-Learning,28,2800,331825,7.84,2.324316884504313,1.0,13.16
Q-Learning,28,3200,348203,8.24,3.0004081355028744,1.0,12.76
Q-Learning,28,3600,363136,7.88,2.6001569811322187,1.0,13.12
Q-Learning,28,4000,375303,7.82,2.5768989431611993,1.0,13.18
Q-Learning,28,4400,386308,7.82,2.8904487329048094,1.0,13.18
Q-Learning,28,4800,396354,8.22,2.443567148282049,1.0,12.78
Q-Learning,28,5200,405528,7.78,2.589539396439893,1.0,13.22
Q-Learning,28,5600,413705,7.9,2.418044411401537,1.0,13.1
Q-Learning,28,6000,421355,8.42,2.5482286765035638,1.0,12.58
Q-Learning,28,6400,428518,7.36,2.686018219884411,1.0,13.64
Q-Learning,28,6800,434905,7.46,2.4512387538898426,1.0,13.54
Q-Learning,28,7200,441083,8.18,2.3272125745936787,1.0,12.82
Q-Learning,28,7600,446942,7.62,2.506237117631913,1.0,13.38
Q-Learning,28,8000,452391,8.58,2.5078651788128568,1.0,12.42
Q-Learning,28,8400,457674,8.08,2.183799347888156,1.0,12.92
Q-Learning,28,8800,463016,8.42,2.733690038115111,1.0,12.58
Q-Learning,28,9200,468373,8.56,2.6661904336658755,1.0,12.44
Q-Learning,28,9600,473572,7.94,2.7136089381832003,1.0,13.06
Q-Learning,28,10000,478876,8.06,2.999387692615319,1.0,12.94
Q-Learning,29,1,200,-761.38,121.00816130344603,0.08,194.26
Q-Learning,29,400,78687,-195.74,30.122748878546922,0.02,196.16
Q-Learning,29,800,153135,-128.52,100.61245916274737,0.34,135.66
Q-Learning,29,1200,214542,-86.84,105.5137789628464,0.54,98.18
Q-Learning,29,1600,258749,-29.04,80.93735546831316,0.82,46.26
Q-Learning,29,2000,290083,-4.0,50.089307995920684,0.94,23.74
Q-Learning,29,2400,314620,7.62,2.7839921416731688,1.0,13.38
Q-Learning,29,2800,334871,8.1,2.9640705601780613,1.0,12.9
Q-Learning,29,3200,351667,7.72,2.555825678319862,1.0,13.28
Q-Learning,29,3600,365882,7.94,2.8600699292150185,1.0,13.06
Q-Learning,29,4000,378306,8.22,2.41838198566137,1.0,12.78
Q-Learning,29,4400,389736,7.5,2.5495097567963922,1.0,13.5
Q-Learning,29,4800,399634,7.62,2.3464258534448272,1.0,13.38
Q-Learning,29,5200,408541,7.38,2.554627653686461,1.0,13.62
Q-Learning,29,5600,416580,7.64,2.693605428432612,1.0,13.36
Q-Learning,29,6000,423911,8.32,2.6529921498072278,1.0,12.68
Q-Learning,29,6400,430937,7.86,2.285803569684778,1.0,13.14
Q-Learning,29,6800,437527,7.74,2.4810300691611205,1.0,13.26
Q-Learning,29,7200,443637,7.96,2.725241049065239,1.0,13.04
Q-Learning,29,7600,449374,7.84,2.5423755563228174,1.0,13.16
Q-Learning,29,8000,454795,7.92,2.2753335705216626,1.0,13.08
Q-Learning,29,8400,460111,7.66,2.3699651250340272,1.0,13.34
Q-Learning,29,8800,465353,7.84,2.427394672886794,1.0,13.16
Q-Learning,29,9200,470664,8.34,2.5282889269146405,1.0,12.66
Q-Learning,29,9600,475962,8.56,2.1774353009437313,1.0,12.44
Q-Learning,29,10000,481238,7.74,2.7760638703468077,1.0,13.26
Expected SARSA,0,1,200,-780.46,148.0160236775266,0.04,194.5
Expected SARSA,0,400,77949,-200.0,0.0,0.0,200.0
Expected SARSA,0,800,152477,-200.0,0.0,0.0,200.0
Expected SARSA,0,1200,219985,-178.8,64.24951361683605,0.1,180.9
Expected SARSA,0,1600,278606,-174.44,69.9209933147581,0.12,176.96
Expected SARSA,0,2000,330934,-174.58,69.53991365997469,0.12,177.1
Expected SARSA,0,2400,373275,-141.02,95.54323521798058,0.28,146.9
Expected SARSA,0,2800,411672,-132.78,98.99603991255078,0.32,139.5
Expected SARSA,0,3200,442874,-149.56,90.67550577161825,0.24,154.6
Expected SARSA,0,3600,473035,-107.48,105.44642512398688,0.44,116.72
Expected SARSA,0,4000,499234,-128.46,100.69639354748206,0.34,135.6
Expected SARSA,0,4400,522207,-137.1,97.05904998336564,0.3,143.4
Expected SARSA,0,4800,542636,-112.08,104.37644585336095,0.42,120.9
Expected SARSA,0,5200,560366,-83.44,104.37279338984848,0.56,95.2
Expected SARSA,0,5600,572310,-33.78,83.98257593825335,0.8,50.58
Expected SARSA,0,6000,580862,-8.46,57.11256697192351,0.92,27.78
Expected SARSA,0,6400,588975,-4.2,50.05303309939349,0.94,23.94
Expected SARSA,0,6800,596874,0.16,41.33159092223847,0.96,20.0
Expected SARSA,0,7200,603742,-4.28,50.004505919415884,0.94,24.02
Expected SARSA,0,7600,611650,-0.1,41.30387638081483,0.96,20.26
Expected SARSA,0,8000,619792,-4.94,49.82967315295789,0.94,24.68
Expected SARSA,0,8400,628583,-12.44,63.19912166788267,0.9,31.34
Expected SARSA,0,8800,637264,0.12,41.35394263463366,0.96,20.04
Expected SARSA,0,9200,645239,3.78,29.501497713623603,0.98,16.8
Expected SARSA,0,9600,654671,0.06,41.305931777409405,0.96,20.1
Expected SARSA,0,10000,664348,-8.34,57.14521780838136,0.92,27.66
Expected SARSA,1,1,200,-773.96,85.89503798835185,0.02,198.74
Expected SARSA,1,400,77948,-200.0,0.0,0.0,200.0
Expected SARSA,1,800,153014,-200.0,0.0,0.0,200.0
Expected SARSA,1,1200,222389,-200.0,0.0,0.0,200.0
Expected SARSA,1,1600,282466,-191.48,42.16306537281953,0.04,192.32
Expected SARSA,1,2000,337709,-187.32,50.69937003996184,0.06,188.58
Expected SARSA,1,2400,379295,-170.3,74.36047062678352,0.14,173.24
Expected SARSA,1,2800,414410,-141.38,94.96377182475258,0.28,147.26
Expected SARSA,1,3200,444389,-153.72,88.03200716622497,0.22,158.34
Expected SARSA,1,3600,473040,-132.92,98.78524222591476,0.32,139.64
Expected SARSA,1,4000,500012,-133.04,98.61012904879705,0.32,139.76
Expected SARSA,1,4400,525781,-107.82,105.05988379811521,0.44,117.06
Expected SARSA,1,4800,546269,-87.4,104.9929054940458,0.54,98.74
Expected SARSA,1,5200,563318,-33.14,84.30920011772022,0.8,49.94
Expected SARSA,1,5600,575776,-24.82,77.27599357933529,0.84,42.46
Expected SARSA,1,6000,586037,-16.8,68.38038864338523,0.88,35.28
Expected SARSA,1,6400,593805,4.68,29.65202267939899,0.98,15.9
Expected SARSA,1,6800,601392,-5.16,49.77474156597083,0.94,24.9
Expected SARSA,1,7200,608585,-0.86,41.1374053927685,0.96,21.02
Expected SARSA,1,7600,615478,4.0,29.554515522253144,0.98,16.58
Expected SARSA,1,8000,622283,0.22,41.38090361112804,0.96,19.94
Expected SARSA,1,8400,629741,-0.86,41.15575690630184,0.96,21.02
Expected SARSA,1,8800,636344,0.06,41.35086801645506,0.96,20.1
Expected SARSA,1,9200,643915,-4.22,50.022154275554215,0.94,23.96
Expected SARSA,1,9600,651646,7.6,2.7627256579733883,1.0,13.4
Expected SARSA,1,10000,658553,8.52,2.7718703624308354,1.0,12.48
Expected SARSA,2,1,200,-762.4,134.1496270922122,0.08,192.4
Expected SARSA,2,400,77899,-200.0,0.0,0.0,200.0
Expected SARSA,2,800,153305,-187.3,50.78054022266918,0.06,188.56
Expected SARSA,2,1200,222742,-191.58,41.66831615782633,0.04,192.42
Expected SARSA,2,1600,283704,-200.0,0.0,0.0,200.0
Expected SARSA,2,2000,337455,-195.8,29.698484809834994,0.02,196.22
Expected SARSA,2,2400,381781,-141.12,95.38549926161605,0.28,147.0
Expected SARSA,2,2800,416751,-157.9,85.05634387071348,0.2,162.1
Expected SARSA,2,3200,449155,-145.28,93.25519955958465,0.26,150.74
Expected SARSA,2,3600,478408,-119.78,103.51738294329398,0.38,127.76
Expected SARSA,2,4000,504541,-141.04,95.51171741344255,0.28,146.92
Expected SARSA,2,4400,529184,-141.56,94.66981502860888,0.28,147.44
Expected SARSA,2,4800,548334,-82.9,104.86264096134407,0.56,94.66
Expected SARSA,2,5200,564263,-65.84,101.66498805350034,0.64,79.28
Expected SARSA,2,5600,578020,-58.0,98.41789284806428,0.68,72.28
Expected SARSA,2,6000,586854,-4.4,49.983670802961,0.94,24.14
Expected SARSA,2,6400,594658,3.7,29.509770087417568,0.98,16.88
Expected SARSA,2,6800,601821,4.5,29.65258016099243,0.98,16.08
Expected SARSA,2,7200,609376,-0.68,41.18967574229132,0.96,20.84
Expected SARSA,2,7600,616513,-4.44,49.95964085425069,0.94,24.18
Expected SARSA,2,8000,623411,-12.82,63.06966993179941,0.9,31.72
Expected SARSA,2,8400,632077,-17.3,68.1885890268261,0.88,35.78
Expected SARSA,2,8800,640720,3.38,29.453449955577604,0.98,17.2
Expected SARSA,2,9200,649065,-16.92,68.34033679060312,0.88,35.4
Expected SARSA,2,9600,659148,-12.86,63.06038893839162,0.9,31.76
Expected SARSA,2,10000,668389,0.04,41.3363308107766,0.96,20.12
Expected SARSA,3,1,200,-752.96,144.5421991908895,0.04,197.42
Expected SARSA,3,400,78127,-200.0,0.0,0.0,200.0
Expected SARSA,3,800,154110,-195.74,30.12274887854692,0.02,196.16
Expected SARSA,3,1200,222890,-200.0,0.0,0.0,200.0
Expected SARSA,3,1600,284240,-195.72,30.26417023478423,0.02,196.14
Expected SARSA,3,2000,335938,-178.68,64.61201000382741,0.1,180.78
Expected SARSA,3,2400,380582,-170.36,74.21198538989645,0.14,173.3
Expected SARSA,3,2800,417589,-170.34,74.25977843945907,0.14,173.28
Expected SARSA,3,3200,450052,-136.96,97.27679002491304,0.3,143.26
Expected SARSA,3,3600,479105,-132.6,99.25868080065196,0.32,139.32
Expected SARSA,3,4000,505500,-162.26,81.3746212254892,0.18,166.04
Expected SARSA,3,4400,529367,-103.36,105.78448634379433,0.46,113.02
Expected SARSA,3,4800,547128,-70.46,102.46377358832333,0.62,83.48
Expected SARSA,3,5200,560686,-12.06,63.32952691748011,0.9,30.96
Expected SARSA,3,5600,574125,-16.3,68.57180059422892,0.88,34.78
Expected SARSA,3,6000,582517,-5.06,49.81001046835006,0.94,24.8
Expected SARSA,3,6400,589860,-0.08,41.30070909111091,0.96,20.24
Expected SARSA,3,6800,596916,3.98,29.554853878087467,0.98,16.6
Expected SARSA,3,7200,603606,-0.02,41.30794754780543,0.96,20.18
Expected SARSA,3,7600,610655,3.58,29.49651657053623,0.98,17.0
Expected SARSA,3,8000,616696,-16.6,68.46539420818107,0.88,35.08
Expected SARSA,3,8400,624172,-0.14,41.2780566304141,0.96,20.3
Expected SARSA,3,8800,631188,3.8,29.470843426086365,0.98,16.78
Expected SARSA,3,9200,638645,-0.26,41.25421932657189,0.96,20.42
Expected SARSA,3,9600,646838,0.16,41.37649929461833,0.96,20.0
Expected SARSA,3,10000,654799,-0.68,41.18868479451657,0.96,20.84
Expected SARSA,4,1,200,-753.58,117.9207776259908,0.08,195.28
Expected SARSA,4,400,78425,-200.0,0.0,0.0,200.0
Expected SARSA,4,800,152965,-183.1,57.897604899177175,0.08,184.78
Expected SARSA,4,1200,220393,-200.0,0.0,0.0,200.0
Expected SARSA,4,1600,281215,-183.08,57.96333816671165,0.08,184.76
Expected SARSA,4,2000,335886,-191.5,42.06712323350454,0.04,192.34
Expected SARSA,4,2400,380362,-191.6,41.569219381653056,0.04,192.44
Expected SARSA,4,2800,416034,-145.44,92.9847826040281,0.26,150.9
Expected SARSA,4,3200,447692,-128.5,100.64166581470711,0.34,135.64
Expected SARSA,4,3600,476612,-145.58,92.75006793550511,0.26,151.04
Expected SARSA,4,4000,502935,-99.34,105.8428966700657,0.48,109.42
Expected SARSA,4,4400,529298,-116.26,103.6103000947024,0.4,124.66
Expected SARSA,4,4800,550452,-66.04,101.50057001951127,0.64,79.48
Expected SARSA,4,5200,563984,-28.7,81.10166207813954,0.82,45.92
Expected SARSA,4,5600,575727,-17.36,68.1773677211709,0.88,35.84
Expected SARSA,4,6000,583867,-8.56,57.08324032963276,0.92,27.88
Expected SARSA,4,6400,591221,-8.32,57.16158264614658,0.92,27.64
Expected SARSA,4,6800,598346,-8.16,57.19974311345199,0.92,27.48
Expected SARSA,4,7200,605388,-3.8,50.14509559513171,0.94,23.54
Expected SARSA,4,7600,611950,8.12,2.7228436515930197,1.0,12.88
Expected SARSA,4,8000,620039,7.68,2.298535469842145,1.0,13.32
Expected SARSA,4,8400,628330,-9.04,56.95109251608357,0.92,28.36
Expected SARSA,4,8800,637490,-4.72,49.89050868795444,0.94,24.46
Expected SARSA,4,9200,645812,-12.96,63.019906152172034,0.9,31.86
Expected SARSA,4,9600,653926,-17.62,68.0884448825982,0.88,36.1
Expected SARSA,4,10000,662619,-8.14,57.20068859297242,0.92,27.46
Expected SARSA,5,1,195,-793.28,69.5437140456656,0.02,198.98
Expected SARSA,5,400,77086,-191.52,41.96560301883786,0.04,192.36
Expected SARSA,5,800,152883,-200.0,0.0,0.0,200.0
Expected SARSA,5,1200,221935,-200.0,0.0,0.0,200.0
Expected SARSA,5,1600,282088,-195.76,29.981327522309613,0.02,196.18
Expected SARSA,5,2000,334929,-157.66,85.54211517952871,0.2,161.86
Expected SARSA,5,2400,377669,-157.56,85.74503258058101,0.2,161.76
Expected SARSA,5,2800,414943,-157.9,85.06066262691945,0.2,162.1
Expected SARSA,5,3200,445661,-166.3,78.00425158480864,0.16,169.66
Expected SARSA,5,3600,474233,-149.36,91.03436444664224,0.24,154.4
Expected SARSA,5,4000,500788,-124.42,101.80956412311555,0.36,131.98
Expected SARSA,5,4400,526570,-107.46,105.47118960519357,0.44,116.7
Expected SARSA,5,4800,545518,-108.0,104.85130384676839,0.44,117.24
Expected SARSA,5,5200,560299,-33.6,84.07236921430324,0.8,50.4
Expected SARSA,5,5600,570433,-16.7,68.4162679067319,0.88,35.18
Expected SARSA,5,6000,578291,3.5,29.486247226634386,0.98,17.08
Expected SARSA,5,6400,585571,0.08,41.32343309127377,0.96,20.08
Expected SARSA,5,6800,592448,-4.52,49.94823442774509,0.94,24.26
Expected SARSA,5,7200,598605,-0.54,41.17717318899799,0.96,20.7
Expected SARSA,5,7600,604689,2.9,29.38571775817745,0.98,17.68
Expected SARSA,5,8000,610977,4.02,29.566590356450007,0.98,16.56
Expected SARSA,5,8400,618048,-4.82,49.871135981463595,0.94,24.56
Expected SARSA,5,8800,624982,3.8,29.51305487683824,0.98,16.78
Expected SARSA,5,9200,632631,-0.72,41.14982083924596,0.96,20.88
Expected SARSA,5,9600,640547,3.6,29.477075146351844,0.98,16.98
Expected SARSA,5,10000,648135,-5.18,49.781846539656996,0.94,24.92
Expected SARSA,6,1,200,-765.38,130.39310893273026,0.02,197.0
Expected SARSA,6,400,77985,-195.76,29.981327522309613,0.02,196.18
Expected SARSA,6,800,153418,-178.74,64.43025338317713,0.1,180.84
Expected SARSA,6,1200,222370,-200.0,0.0,0.0,200.0
Expected SARSA,6,1600,283600,-200.0,0.0,0.0,200.0
Expected SARSA,6,2000,335546,-174.56,69.59508544694334,0.12,177.08
Expected SARSA,6,2400,378009,-153.38,88.67825125078843,0.22,158.0
Expected SARSA,6,2800,413735,-166.34,77.91193615819317,0.16,169.7
Expected SARSA,6,3200,443003,-128.6,100.49246088079221,0.34,135.74
Expected SARSA,6,3600,471266,-136.84,97.46801882606188,0.3,143.14
Expected SARSA,6,4000,499233,-137.02,97.1868576821087,0.3,143.32
Expected SARSA,6,4400,526744,-95.02,106.0622631922843,0.5,105.52
Expected SARSA,6,4800,552753,-78.46,104.49376702434827,0.58,90.64
Expected SARSA,6,5200,566753,-62.16,99.953532060796,0.66,76.02
Expected SARSA,6,5600,576576,-0.62,41.18692580349809,0.96,20.78
Expected SARSA,6,6000,584283,4.14,29.588338850269494,0.98,16.44
Expected SARSA,6,6400,591731,4.16,29.592718354214043,0.98,16.42
Expected SARSA,6,6800,598554,-9.04,56.93747376172696,0.92,28.36
Expected SARSA,6,7200,605317,-4.28,50.00001632652794,0.94,24.02
Expected SARSA,6,7600,611373,-0.04,41.28495303302131,0.96,20.2
Expected SARSA,6,8000,617986,0.0,41.32598135185513,0.96,20.16
Expected SARSA,6,8400,625291,-0.48,41.22573002781795,0.96,20.64
Expected SARSA,6,8800,632937,0.12,41.33617282324852,0.96,20.04
Expected SARSA,6,9200,640225,4.46,29.6001999441675,0.98,16.12
Expected SARSA,6,9600,646716,8.32,2.342508684887958,1.0,12.68
Expected SARSA,6,10000,655084,8.24,3.0004081355028744,1.0,12.76
Expected SARSA,7,1,200,-819.12,233.58681819112365,0.02,197.1
Expected SARSA,7,400,77301,-200.0,0.0,0.0,200.0
Expected SARSA,7,800,151858,-200.0,0.0,0.0,200.0
Expected SARSA,7,1200,219623,-195.76,29.981327522309613,0.02,196.18
Expected SARSA,7,1600,281757,-200.0,0.0,0.0,200.0
Expected SARSA,7,2000,333406,-187.28,50.86117159002734,0.06,188.54
Expected SARSA,7,2400,377084,-153.68,88.10532657807114,0.22,158.3
Expected SARSA,7,2800,412135,-161.84,82.28084310978555,0.18,165.62
Expected SARSA,7,3200,444562,-149.56,90.67415535299787,0.24,154.6
Expected SARSA,7,3600,472296,-128.3,100.92030600065235,0.34,135.44
Expected SARSA,7,4000,497934,-141.5,94.76614611230949,0.28,147.38
Expected SARSA,7,4400,521461,-95.24,105.83363147421714,0.5,105.74
Expected SARSA,7,4800,542807,-103.84,105.25815882866279,0.46,113.5
Expected SARSA,7,5200,559512,-66.76,100.96343245887371,0.64,80.2
Expected SARSA,7,5600,571693,-20.98,73.00530872505654,0.86,39.04
Expected SARSA,7,6000,579745,-20.72,73.10463286918808,0.86,38.78
Expected SARSA,7,6400,587289,-8.64,57.053773417929946,0.92,27.96
Expected SARSA,7,6800,594521,-8.26,57.164927880579334,0.92,27.58
Expected SARSA,7,7200,601411,-3.74,50.15844690496673,0.94,23.48
Expected SARSA,7,7600,608495,-8.3,57.15258845710261,0.92,27.62
Expected SARSA,7,8000,616420,-8.64,57.04161030442995,0.92,27.96
Expected SARSA,7,8400,627371,-13.06,62.99737927817607,0.9,31.96
Expected SARSA,7,8800,636409,-4.84,49.879593798977766,0.94,24.58
Expected SARSA,7,9200,644237,-4.4,49.974687470309426,0.94,24.14
Expected SARSA,7,9600,653731,-25.64,76.90034898145385,0.84,43.28
Expected SARSA,7,10000,661849,3.62,29.472152196642188,0.98,16.96
Expected SARSA,8,1,200,-791.12,118.22197040192776,0.02,197.9
Expected SARSA,8,400,77605,-200.0,0.0,0.0,200.0
Expected SARSA,8,800,152672,-200.0,0.0,0.0,200.0
Expected SARSA,8,1200,222385,-200.0,0.0,0.0,200.0
Expected SARSA,8,1600,281694,-195.78,29.839906166072307,0.02,196.2
Expected SARSA,8,2000,334119,-170.18,74.66050782422678,0.14,173.12
Expected SARSA,8,2400,380631,-170.38,74.15947790583012,0.14,173.32
Expected SARSA,8,2800,417188,-170.7,73.35717763248583,0.14,173.64
Expected SARSA,8,3200,449562,-162.24,81.4171821608953,0.18,166.02
Expected SARSA,8,3600,476501,-128.76,100.27117517725905,0.34,135.9
Expected SARSA,8,4000,502274,-124.56,101.61354561799929,0.36,132.12
Expected SARSA,8,4400,526066,-120.3,102.84885879338692,0.38,128.28
Expected SARSA,8,4800,546513,-74.64,103.40365919392735,0.6,87.24
Expected SARSA,8,5200,559050,-45.34,92.62952542030989,0.74,60.88
Expected SARSA,8,5600,570073,-8.62,57.054177618062894,0.92,27.94
Expected SARSA,8,6000,578041,-0.1,41.30288817296644,0.96,20.26
Expected SARSA,8,6400,585161,8.1,2.168889492955568,1.0,12.9
Expected SARSA,8,6800,591854,0.02,41.316839478471685,0.96,20.14
Expected SARSA,8,7200,598438,-0.22,41.264843958735334,0.96,20.38
Expected SARSA,8,7600,604711,8.26,2.9402901425622914,1.0,12.74
Expected SARSA,8,8000,610818,3.98,29.603840070821477,0.98,16.6
Expected SARSA,8,8400,617301,3.88,29.50450674672171,0.98,16.7
Expected SARSA,8,8800,623613,4.06,29.547201946328908,0.98,16.52
Expected SARSA,8,9200,631192,8.8,2.9346626548820196,1.0,12.2
Expected SARSA,8,9600,638068,8.26,2.671161178367252,1.0,12.74
Expected SARSA,8,10000,644499,3.74,29.51707219594125,0.98,16.84
Expected SARSA,9,1,200,-736.02,142.83392525615764,0.08,193.74
Expected SARSA,9,400,78429,-200.0,0.0,0.0,200.0
Expected SARSA,9,800,151788,-200.0,0.0,0.0,200.0
Expected SARSA,9,1200,220176,-200.0,0.0,0.0,200.0
Expected SARSA,9,1600,281703,-200.0,0.0,0.0,200.0
Expected SARSA,9,2000,333834,-174.58,69.53932670930654,0.12,177.1
Expected SARSA,9,2400,377723,-178.88,64.00530590250678,0.1,180.98
Expected SARSA,9,2800,413688,-140.94,95.67385286717045,0.28,146.82
Expected SARSA,9,3200,443917,-140.88,95.7711217178855,0.28,146.76
Expected SARSA,9,3600,473825,-141.12,95.38164800164759,0.28,147.0
Expected SARSA,9,4000,502344,-153.72,88.03177533929299,0.22,158.34
Expected SARSA,9,4400,528211,-145.74,92.47345123695487,0.26,151.2
Expected SARSA,9,4800,553518,-120.54,102.54062609522141,0.38,128.52
Expected SARSA,9,5200,568650,-99.1,106.09934697523558,0.48,109.18
Expected SARSA,9,5600,580590,-12.24,63.256381463994344,0.9,31.14
Expected SARSA,9,6000,589298,-4.3,50.0131615330466,0.94,24.04
Expected SARSA,9,6400,596938,-1.02,41.12176542704282,0.96,21.18
Expected SARSA,9,6800,604193,-8.4,57.1282124091173,0.92,27.72
Expected SARSA,9,7200,610933,8.3,2.8302303937369926,1.0,12.7
Expected SARSA,9,7600,617457,4.02,29.53482206287545,0.98,16.56
Expected SARSA,9,8000,625142,-4.64,49.91166073725679,0.94,24.38
Expected SARSA,9,8400,633121,-0.36,41.23291730386967,0.96,20.52
Expected SARSA,9,8800,641063,-0.54,41.20541375170233,0.96,20.7
Expected SARSA,9,9200,650287,-0.1,41.28657932855495,0.96,20.26
Expected SARSA,9,9600,659281,0.22,41.36067835862601,0.96,19.94
Expected SARSA,9,10000,668730,-8.54,57.08433074256481,0.92,27.86
Expected SARSA,10,1,200,-860.84,308.1032400521167,0.02,198.14
Expected SARSA,10,400,78107,-200.0,0.0,0.0,200.0
Expected SARSA,10,800,153019,-187.5,49.98050640407882,0.06,188.76
Expected SARSA,10,1200,220721,-191.52,41.965116709097366,0.04,192.36
Expected SARSA,10,1600,282006,-191.64,41.37176400811135,0.04,192.48
Expected SARSA,10,2000,334756,-200.0,0.0,0.0,200.0
Expected SARSA,10,2400,379102,-157.6,85.66784456163664,0.2,161.8
Expected SARSA,10,2800,415301,-178.74,64.42898637813795,0.1,180.84
Expected SARSA,10,3200,445980,-149.48,90.82147547889356,0.24,154.52
Expected SARSA,10,3600,474583,-149.58,90.6390216457457,0.24,154.62
Expected SARSA,10,4000,500476,-112.1,104.348953428545,0.42,120.92
Expected SARSA,10,4400,526043,-124.06,102.29018545694561,0.36,131.62
Expected SARSA,10,4800,545690,-116.58,103.21249924306649,0.4,124.98
Expected SARSA,10,5200,562325,-74.72,103.34034121507912,0.6,87.32
Expected SARSA,10,5600,573081,-0.26,41.27103545280806,0.96,20.42
Expected SARSA,10,6000,580897,-12.26,63.258397845338955,0.9,31.16
Expected SARSA,10,6400,587998,4.02,29.543803521730442,0.98,16.56
Expected SARSA,10,6800,594639,8.3,2.894399941336401,1.0,12.7
Expected SARSA,10,7200,602230,4.02,29.541731119740096,0.98,16.56
Expected SARSA,10,7600,609018,3.64,29.47206217724833,0.98,16.94
Expected SARSA,10,8000,615262,8.1,2.533449692995457,1.0,12.9
Expected SARSA,10,8400,622860,4.52,29.609871492391154,0.98,16.06
Expected SARSA,10,8800,630535,-0.08,41.31750629612842,0.96,20.24
Expected SARSA,10,9200,636946,-4.16,50.05399533483407,0.94,23.9
Expected SARSA,10,9600,643212,4.0,29.548300134124915,0.98,16.58
Expected SARSA,10,10000,651133,-0.48,41.2138474846719,0.96,20.64
Expected SARSA,11,1,200,-827.66,320.3339208019134,0.08,195.2
Expected SARSA,11,400,77695,-200.0,0.0,0.0,200.0
Expected SARSA,11,800,152397,-200.0,0.0,0.0,200.0
Expected SARSA,11,1200,222095,-200.0,0.0,0.0,200.0
Expected SARSA,11,1600,283371,-200.0,0.0,0.0,200.0
Expected SARSA,11,2000,334760,-178.88,64.00881316869815,0.1,180.98
Expected SARSA,11,2400,377383,-157.8,85.25998654774963,0.2,162.0
Expected SARSA,11,2800,414121,-149.4,90.9610816082732,0.24,154.44
Expected SARSA,11,3200,445795,-137.08,97.0953329129129,0.3,143.38
Expected SARSA,11,3600,474438,-141.1,95.41044524172649,0.28,146.98
Expected SARSA,11,4000,500484,-145.28,93.25826329859133,0.26,150.74
Expected SARSA,11,4400,523322,-94.88,106.19882008645436,0.5,105.38
Expected SARSA,11,4800,541355,-95.3,105.77223315276298,0.5,105.8
Expected SARSA,11,5200,554626,-41.44,90.03608346952133,0.76,57.4
Expected SARSA,11,5600,564866,7.92,2.6637398904700946,1.0,13.08
Expected SARSA,11,6000,573011,-8.56,57.0878878465083,0.92,27.88
Expected SARSA,11,6400,580825,4.22,29.5712836435372,0.98,16.36
Expected SARSA,11,6800,587951,-4.94,49.83499712827833,0.94,24.68
Expected SARSA,11,7200,594534,-7.86,57.27520744401631,0.92,27.18
Expected SARSA,11,7600,601440,-0.4,41.24095448132368,0.96,20.56
Expected SARSA,11,8000,608424,-4.52,49.9613074778669,0.94,24.26
Expected SARSA,11,8400,616878,8.52,2.7571058472719585,1.0,12.48
Expected SARSA,11,8800,625058,-5.0,49.81393952929814,0.94,24.74
Expected SARSA,11,9200,632145,-5.16,49.775151574713604,0.94,24.9
Expected SARSA,11,9600,640664,-0.34,41.27439785590272,0.96,20.5
Expected SARSA,11,10000,649005,-0.34,41.23185315124356,0.96,20.5
Expected SARSA,12,1,200,-818.08,275.2279826779603,0.02,197.32
Expected SARSA,12,400,78201,-200.0,0.0,0.0,200.0
Expected SARSA,12,800,152100,-195.76,29.981327522309613,0.02,196.18
Expected SARSA,12,1200,219655,-200.0,0.0,0.0,200.0
Expected SARSA,12,1600,279542,-191.44,42.36101403654168,0.04,192.28
Expected SARSA,12,2000,332072,-170.52,73.81146418340418,0.14,173.46
Expected SARSA,12,2400,375096,-178.78,64.30738999651024,0.1,180.88
Expected SARSA,12,2800,411240,-166.24,78.14313397704946,0.16,169.6
Expected SARSA,12,3200,440408,-120.18,102.9996413704872,0.38,128.16
Expected SARSA,12,3600,469217,-124.18,102.126110515282,0.36,131.74
Expected SARSA,12,4000,494275,-141.3,95.09377755990266,0.28,147.18
Expected SARSA,12,4400,520087,-116.22,103.66100362947189,0.4,124.62
Expected SARSA,12,4800,539942,-91.12,105.68602711111157,0.52,102.04
Expected SARSA,12,5200,559845,-57.44,98.8086503690598,0.68,71.72
Expected SARSA,12,5600,572950,-25.14,77.12036973829566,0.84,42.78
Expected SARSA,12,6000,581505,-8.98,56.94519026114103,0.92,28.3
Expected SARSA,12,6400,588992,0.02,41.329680000933855,0.96,20.14
Expected SARSA,12,6800,596184,-8.58,57.084645349637384,0.92,27.9
Expected SARSA,12,7200,603489,-7.7,57.347935571262845,0.92,27.02
Expected SARSA,12,7600,612431,0.0,41.331906931718564,0.96,20.16
Expected SARSA,12,8000,620106,-0.54,41.2227448610297,0.96,20.7
Expected SARSA,12,8400,630628,-12.94,63.038831570027426,0.9,31.84
Expected SARSA,12,8800,641741,-4.16,50.0185108591952,0.94,23.9
Expected SARSA,12,9200,651609,-4.56,49.92531565105165,0.94,24.3
Expected SARSA,12,9600,660240,3.46,29.457135929055575,0.98,17.12
Expected SARSA,12,10000,668768,-13.02,63.00647520983336,0.9,31.92
Expected SARSA,13,1,200,-745.72,114.67665990309716,0.04,195.22
Expected SARSA,13,400,78970,-200.0,0.0,0.0,200.0
Expected SARSA,13,800,153104,-200.0,0.0,0.0,200.0
Expected SARSA,13,1200,220985,-191.52,41.965116709097366,0.04,192.36
Expected SARSA,13,1600,282393,-191.56,41.76765665987431,0.04,192.4
Expected SARSA,13,2000,336673,-170.46,73.96033410151797,0.14,173.4
Expected SARSA,13,2400,381206,-141.02,95.54537120752461,0.28,146.9
Expected SARSA,13,2800,415953,-145.36,93.1204530460962,0.26,150.82
Expected SARSA,13,3200,446036,-136.86,97.43695188087904,0.3,143.16
Expected SARSA,13,3600,474921,-145.46,92.95032906595536,0.26,150.92
Expected SARSA,13,4000,501031,-124.38,101.85762171796874,0.36,131.94
Expected SARSA,13,4400,525694,-107.84,105.03864400635547,0.44,117.08
Expected SARSA,13,4800,545766,-95.6,105.47192294924865,0.5,106.1
Expected SARSA,13,5200,563594,-70.48,102.43728594130366,0.62,83.5
Expected SARSA,13,5600,576253,-21.16,72.93115568388968,0.86,39.22
Expected SARSA,13,6000,584576,4.16,29.589959687125535,0.98,16.42
Expected SARSA,13,6400,592080,3.68,29.46560776254796,0.98,16.9
Expected SARSA,13,6800,599053,3.78,29.50841457300349,0.98,16.8
Expected SARSA,13,7200,605755,-8.32,57.164795788588464,0.92,27.64
Expected SARSA,13,7600,612128,-0.76,41.13767824547919,0.96,20.92
Expected SARSA,13,8000,619746,-12.74,63.10205857116206,0.9,31.64
Expected SARSA,13,8400,628191,3.94,29.529238364159465,0.98,16.64
Expected SARSA,13,8800,635325,-4.08,50.0590834587959,0.94,23.82
Expected SARSA,13,9200,642085,-8.76,57.03474057671396,0.92,28.08
Expected SARSA,13,9600,649375,4.16,29.581682142287768,0.98,16.42
Expected SARSA,13,10000,656337,3.74,29.488019012916457,0.98,16.84
Expected SARSA,14,1,200,-828.2,270.70316599853913,0.0,200.0
Expected SARSA,14,400,77559,-200.0,0.0,0.0,200.0
Expected SARSA,14,800,152785,-200.0,0.0,0.0,200.0
Expected SARSA,14,1200,220111,-195.74,30.12274887854692,0.02,196.16
Expected SARSA,14,1600,280249,-178.78,64.30770734904017,0.1,180.88
Expected SARSA,14,2000,335448,-183.04,58.09947837765071,0.08,184.72
Expected SARSA,14,2400,379697,-174.88,68.71848517016097,0.12,177.4
Expected SARSA,14,2800,416532,-145.54,92.81344246412164,0.26,151.0
Expected SARSA,14,3200,448770,-149.54,90.71062084835424,0.24,154.58
Expected SARSA,14,3600,477613,-107.6,105.30596820112102,0.44,116.84
Expected SARSA,14,4000,504305,-103.5,105.62588002290084,0.46,113.16
Expected SARSA,14,4400,529216,-124.8,101.2964934824337,0.36,132.36
Expected SARSA,14,4800,551864,-91.3,105.5106629682517,0.52,102.22
Expected SARSA,14,5200,565737,-50.1,94.45639313504212,0.72,65.22
Expected SARSA,14,5600,578194,-33.24,84.25751586411646,0.8,50.04
Expected SARSA,14,6000,587076,-8.48,57.09470828619509,0.92,27.8
Expected SARSA,14,6400,594891,-0.18,41.28877398449677,0.96,20.34
Expected SARSA,14,6800,602656,-8.7,57.031767016107715,0.92,28.02
Expected SARSA,14,7200,609809,-13.26,62.912576206176446,0.9,32.16
Expected SARSA,14,7600,617390,-29.02,80.95236442576861,0.82,46.24
Expected SARSA,14,8000,624812,-17.0,68.2934843158555,0.88,35.48
Expected SARSA,14,8400,633915,-8.92,56.954274534534306,0.92,28.24
Expected SARSA,14,8800,643851,-8.38,57.12995925867581,0.92,27.7
Expected SARSA,14,9200,652110,-4.32,49.99609780691256,0.94,24.06
Expected SARSA,14,9600,660794,-16.82,68.37044653345241,0.88,35.3
Expected SARSA,14,10000,670179,-16.94,68.31900264530346,0.88,35.42
Expected SARSA,15,1,200,-752.5,120.64626147611564,0.04,197.14
Expected SARSA,15,400,78310,-200.0,0.0,0.0,200.0
Expected SARSA,15,800,153478,-195.86,29.27422074112307,0.02,196.28
Expected SARSA,15,1200,223469,-200.0,0.0,0.0,200.0
Expected SARSA,15,1600,284596,-191.58,41.66831615782633,0.04,192.42
Expected SARSA,15,2000,336909,-170.38,74.16085385766509,0.14,173.32
Expected SARSA,15,2400,379292,-166.26,78.09591434085841,0.16,169.62
Expected SARSA,15,2800,416924,-153.5,88.45089725090298,0.22,158.12
Expected SARSA,15,3200,447476,-128.42,100.75087278702324,0.34,135.56
Expected SARSA,15,3600,477433,-128.4,100.77779152822372,0.34,135.54
Expected SARSA,15,4000,505975,-137.22,96.8780613736165,0.3,143.52
Expected SARSA,15,4400,533066,-120.32,102.82210514340994,0.38,128.3
Expected SARSA,15,4800,552560,-57.9,98.49008030440095,0.68,72.18
Expected SARSA,15,5200,566580,-78.3,104.63312972827819,0.58,90.48
Expected SARSA,15,5600,576971,-8.34,57.1498602851507,0.92,27.66
Expected SARSA,15,6000,584770,3.62,29.472844644325924,0.98,16.96
Expected SARSA,15,6400,592009,-0.08,41.274511579453595,0.96,20.24
Expected SARSA,15,6800,598510,3.28,29.44454490206626,0.98,17.3
Expected SARSA,15,7200,604851,7.64,2.336576948601243,1.0,13.36
Expected SARSA,15,7600,610883,3.94,29.558251032184437,0.98,16.64
Expected SARSA,15,8000,617359,-1.06,41.09541411428396,0.96,21.22
Expected SARSA,15,8400,624298,3.66,29.476805132448227,0.98,16.92
Expected SARSA,15,8800,631147,-0.6,41.19887060072776,0.96,20.76
Expected SARSA,15,9200,638033,4.26,29.629556396356964,0.98,16.32
Expected SARSA,15,9600,644791,8.3,2.830230393736993,1.0,12.7
Expected SARSA,15,10000,651698,4.52,29.67046218936625,0.98,16.06
Expected SARSA,16,1,200,-782.12,90.80853147009428,0.04,198.68
Expected SARSA,16,400,78655,-200.0,0.0,0.0,200.0
Expected SARSA,16,800,153485,-183.08,57.96333816671165,0.08,184.76
Expected SARSA,16,1200,222865,-200.0,0.0,0.0,200.0
Expected SARSA,16,1600,283112,-200.0,0.0,0.0,200.0
Expected SARSA,16,2000,336551,-195.74,30.12274887854692,0.02,196.16
Expected SARSA,16,2400,380532,-157.72,85.42380302028809,0.2,161.92
Expected SARSA,16,2800,415988,-153.44,88.56616574226139,0.22,158.06
Expected SARSA,16,3200,448046,-166.2,78.23799379757503,0.16,169.56
Expected SARSA,16,3600,476981,-153.92,87.65233736129322,0.22,158.54
Expected SARSA,16,4000,503272,-128.84,100.15994555648257,0.34,135.98
Expected SARSA,16,4400,526808,-124.64,101.50736577274797,0.36,132.2
Expected SARSA,16,4800,548663,-95.26,105.81285173284357,0.5,105.76
Expected SARSA,16,5200,565037,-62.46,99.73602096309548,0.66,76.32
Expected SARSA,16,5600,575273,-21.24,72.88082528263213,0.86,39.3
Expected SARSA,16,6000,583606,-3.86,50.133295791706885,0.94,23.6
Expected SARSA,16,6400,591121,7.72,2.3564068114874583,1.0,13.28
Expected SARSA,16,6800,598130,-4.82,49.883001889932615,0.94,24.56
Expected SARSA,16,7200,605106,-1.06,41.06560704083957,0.96,21.22
Expected SARSA,16,7600,611043,-0.44,41.22272010749927,0.96,20.6
Expected SARSA,16,8000,618719,-4.44,49.95351308354354,0.94,24.18
Expected SARSA,16,8400,626030,8.3,2.6897386262518186,1.0,12.7
Expected SARSA,16,8800,633600,3.1,29.437065348409487,0.98,17.48
Expected SARSA,16,9200,640617,-8.22,57.17009707880511,0.92,27.54
Expected SARSA,16,9600,647340,-0.02,41.31733341851004,0.96,20.18
Expected SARSA,16,10000,654171,3.54,29.492448012939146,0.98,17.04
Expected SARSA,17,1,200,-820.34,167.87235311025907,0.02,198.32
Expected SARSA,17,400,77606,-200.0,0.0,0.0,200.0
Expected SARSA,17,800,151882,-200.0,0.0,0.0,200.0
Expected SARSA,17,1200,221105,-191.5,42.06421233285693,0.04,192.34
Expected SARSA,17,1600,282372,-191.48,42.16306537281953,0.04,192.32
Expected SARSA,17,2000,334737,-187.42,50.298736138623376,0.06,188.68
Expected SARSA,17,2400,378446,-166.34,77.91298390656394,0.16,169.7
Expected SARSA,17,2800,417292,-153.62,88.22047751549083,0.22,158.24
Expected SARSA,17,3200,448668,-132.82,98.9297194363509,0.32,139.54
Expected SARSA,17,3600,477147,-124.42,101.80575542048051,0.36,131.98
Expected SARSA,17,4000,503741,-141.34,95.02751696004603,0.28,147.22
Expected SARSA,17,4400,529095,-112.1,104.35227816959089,0.42,120.92
Expected SARSA,17,4800,551209,-87.24,105.14277173909575,0.54,98.58
Expected SARSA,17,5200,566481,-91.9,104.92490025669575,0.52,102.82
Expected SARSA,17,5600,576960,3.68,29.511284593649037,0.98,16.9
Expected SARSA,17,6000,584564,-4.14,50.05140622705942,0.94,23.88
Expected SARSA,17,6400,592054,3.4,29.439665038023456,0.98,17.18
Expected SARSA,17,6800,599513,-8.98,56.94984904389518,0.92,28.3
Expected SARSA,17,7200,606330,-4.56,49.94125528650473,0.94,24.3
Expected SARSA,17,7600,613568,3.82,29.522519941113924,0.98,16.76
Expected SARSA,17,8000,620556,-8.78,57.009591029823696,0.92,28.1
Expected SARSA,17,8400,628858,-4.3,50.012753475529436,0.94,24.04
Expected SARSA,17,8800,637136,-0.16,41.29355338331164,0.96,20.32
Expected SARSA,17,9200,644416,-0.62,41.16908390270246,0.96,20.78
Expected SARSA,17,9600,651534,-8.72,57.04815008895055,0.92,28.04
Expected SARSA,17,10000,658619,-0.48,41.215828146428386,0.96,20.64
Expected SARSA,18,1,200,-759.1,124.30792084044148,0.06,197.32
Expected SARSA,18,400,78102,-200.0,0.0,0.0,200.0
Expected SARSA,18,800,152851,-183.0,58.23702448106499,0.08,184.68
Expected SARSA,18,1200,219653,-200.0,0.0,0.0,200.0
Expected SARSA,18,1600,280745,-161.86,82.23560230042878,0.18,165.64
Expected SARSA,18,2000,333584,-178.8,64.2498312552378,0.1,180.9
Expected SARSA,18,2400,376905,-183.08,57.96333816671165,0.08,184.76
Expected SARSA,18,2800,413644,-153.38,88.67756083654065,0.22,158.0
Expected SARSA,18,3200,444510,-153.48,88.48803447301765,0.22,158.1
Expected SARSA,18,3600,471671,-145.54,92.81454187611695,0.26,151.0
Expected SARSA,18,4000,500527,-149.28,91.18159499211517,0.24,154.32
Expected SARSA,18,4400,526266,-116.26,103.60478477643507,0.4,124.66
Expected SARSA,18,4800,545170,-70.48,102.44027428662208,0.62,83.5
Expected SARSA,18,5200,559422,-46.14,92.15603670970675,0.74,61.68
Expected SARSA,18,5600,569597,-7.76,57.3063945571771,0.92,27.08
Expected SARSA,18,6000,577739,0.0,41.301282284783206,0.96,20.16
Expected SARSA,18,6400,584863,-4.5,49.9457869359675,0.94,24.24
Expected SARSA,18,6800,591576,3.46,29.45921428216389,0.98,17.12
Expected SARSA,18,7200,597897,0.18,41.35742166202594,0.96,19.98
Expected SARSA,18,7600,604512,-4.14,50.061598790583865,0.94,23.88
Expected SARSA,18,8000,611437,-0.68,41.19413471228493,0.96,20.84
Expected SARSA,18,8400,618071,4.12,29.58808364658906,0.98,16.46
Expected SARSA,18,8800,624625,-0.48,41.20988587557058,0.96,20.64
Expected SARSA,18,9200,632155,-0.42,41.23209073188563,0.96,20.58
Expected SARSA,18,9600,638844,-0.16,41.26191108180096,0.96,20.32
Expected SARSA,18,10000,647143,-0.98,41.11183850554634,0.96,21.14
Expected SARSA,19,1,200,-778.26,177.43901625571507,0.06,197.04
Expected SARSA,19,400,77798,-200.0,0.0,0.0,200.0
Expected SARSA,19,800,153007,-200.0,0.0,0.0,200.0
Expected SARSA,19,1200,220887,-191.56,41.767168045375215,0.04,192.4
Expected SARSA,19,1600,279789,-200.0,0.0,0.0,200.0
Expected SARSA,19,2000,331339,-187.18,51.25912163723066,0.06,188.44
Expected SARSA,19,2400,375533,-166.28,78.0476149800981,0.16,169.64
Expected SARSA,19,2800,412065,-183.02,58.16882186132613,0.08,184.7
Expected SARSA,19,3200,443196,-149.4,90.96175469023522,0.24,154.44
Expected SARSA,19,3600,472639,-136.88,97.40356612505289,0.3,143.18
Expected SARSA,19,4000,499072,-124.42,101.80395124844574,0.36,131.98
Expected SARSA,19,4400,522767,-108.0,104.85558581950234,0.44,117.24
Expected SARSA,19,4800,543060,-87.32,105.06993589305853,0.54,98.66
Expected SARSA,19,5200,559622,-37.5,87.21103890060277,0.78,53.88
Expected SARSA,19,5600,569568,-20.82,73.06572104507514,0.86,38.88
Expected SARSA,19,6000,577778,0.08,41.30367380013254,0.96,20.08
Expected SARSA,19,6400,585006,0.02,41.31881520319669,0.96,20.14
Expected SARSA,19,6800,592010,0.0,41.32598135185513,0.96,20.16
Expected SARSA,19,7200,598360,3.9,29.552616514568435,0.98,16.68
Expected SARSA,19,7600,605189,4.4,29.635196944835442,0.98,16.18
Expected SARSA,19,8000,612477,-4.66,49.90014927792485,0.94,24.4
Expected SARSA,19,8400,619781,3.3,29.462012899352835,0.98,17.28
Expected SARSA,19,8800,626760,3.94,29.528547238914687,0.98,16.64
Expected SARSA,19,9200,633661,8.16,2.5262701392223534,1.0,12.84
Expected SARSA,19,9600,641189,0.22,41.379917242793134,0.96,19.94
Expected SARSA,19,10000,648160,-0.28,41.27362156068563,0.96,20.44
Expected SARSA,20,1,200,-782.92,112.86796331491563,0.02,199.42
Expected SARSA,20,400,78448,-200.0,0.0,0.0,200.0
Expected SARSA,20,800,152848,-200.0,0.0,0.0,200.0
Expected SARSA,20,1200,219245,-200.0,0.0,0.0,200.0
Expected SARSA,20,1600,280065,-200.0,0.0,0.0,200.0
Expected SARSA,20,2000,334010,-183.04,58.099127114170756,0.08,184.72
Expected SARSA,20,2400,378727,-162.06,81.80275181240317,0.18,165.84
Expected SARSA,20,2800,414982,-162.12,81.67397607161621,0.18,165.9
Expected SARSA,20,3200,447575,-132.38,99.57888678769989,0.32,139.1
Expected SARSA,20,3600,474749,-124.34,101.9128499238042,0.36,131.9
Expected SARSA,20,4000,501100,-166.38,77.82237493688,0.16,169.74
Expected SARSA,20,4400,526272,-82.92,104.84796378663766,0.56,94.68
Expected SARSA,20,4800,550077,-74.3,103.68461795271274,0.6,86.9
Expected SARSA,20,5200,565613,-78.46,104.49532945328714,0.58,90.64
Expected SARSA,20,5600,577215,-12.32,63.23601402197767,0.9,31.22
Expected SARSA,20,6000,587503,4.1,29.59953805486201,0.98,16.48
Expected SARSA,20,6400,595098,-9.12,56.91082892543027,0.92,28.44
Expected SARSA,20,6800,601979,-0.98,41.11432046062266,0.96,21.14
Expected SARSA,20,7200,608674,-4.18,50.04148890915315,0.94,23.92
Expected SARSA,20,7600,615045,4.2,29.605570352863783,0.98,16.38
Expected SARSA,20,8000,622072,-0.2,41.24689227625494,0.96,20.36
Expected SARSA,20,8400,629506,-4.5,49.96580463329958,0.94,24.24
Expected SARSA,20,8800,636747,4.1,29.56090219826706,0.98,16.48
Expected SARSA,20,9200,644692,3.34,29.42968791224679,0.98,17.24
Expected SARSA,20,9600,652745,3.68,29.474610312287844,0.98,16.9
Expected SARSA,20,10000,660687,-0.6,41.182520563948,0.96,20.76
Expected SARSA,21,1,200,-770.04,112.46858246113145,0.02,198.6
Expected SARSA,21,400,78316,-200.0,0.0,0.0,200.0
Expected SARSA,21,800,152158,-195.7,30.405591591021544,0.02,196.12
Expected SARSA,21,1200,220114,-200.0,0.0,0.0,200.0
Expected SARSA,21,1600,280743,-200.0,0.0,0.0,200.0
Expected SARSA,21,2000,334286,-178.78,64.30865939723348,0.1,180.88
Expected SARSA,21,2400,380162,-183.06,58.0300449978197,0.08,184.74
Expected SARSA,21,2800,417220,-149.16,91.39538683486097,0.24,154.2
Expected SARSA,21,3200,450790,-132.54,99.34380828666656,0.32,139.26
Expected SARSA,21,3600,479223,-141.46,94.82964532599001,0.28,147.34
Expected SARSA,21,4000,504292,-124.36,101.88163600522932,0.36,131.92
Expected SARSA,21,4400,531065,-124.3,101.96803220537667,0.36,131.86
Expected SARSA,21,4800,549365,-58.0,98.42597964657378,0.68,72.28
Expected SARSA,21,5200,563407,-79.22,103.83528754125695,0.58,91.4
Expected SARSA,21,5600,573989,-24.3,77.49924291927775,0.84,41.94
Expected SARSA,21,6000,583141,0.06,41.29950832340624,0.96,20.1
Expected SARSA,21,6400,590782,-12.94,63.04951407021148,0.9,31.84
Expected SARSA,21,6800,597964,-16.7,68.41686449216141,0.88,35.18
Expected SARSA,21,7200,604969,4.02,29.56244860201771,0.98,16.56
Expected SARSA,21,7600,612947,-0.16,41.28910514992583,0.96,20.32
Expected SARSA,21,8000,620648,-0.72,41.16469658454875,0.96,20.88
Expected SARSA,21,8400,629627,3.88,29.539071324161117,0.98,16.7
Expected SARSA,21,8800,638508,-8.6,57.0506398755008,0.92,27.92
Expected SARSA,21,9200,646612,-4.22,50.03316859028292,0.94,23.96
Expected SARSA,21,9600,656779,-8.08,57.23201615764893,0.92,27.4
Expected SARSA,21,10000,667398,-0.54,41.20491847003764,0.96,20.7
Expected SARSA,22,1,198,-894.34,303.74845997761946,0.04,198.04
Expected SARSA,22,400,78257,-200.0,0.0,0.0,200.0
Expected SARSA,22,800,152971,-200.0,0.0,0.0,200.0
Expected SARSA,22,1200,222019,-200.0,0.0,0.0,200.0
Expected SARSA,22,1600,284409,-195.74,30.122748878546915,0.02,196.16
Expected SARSA,22,2000,337077,-183.02,58.16741846969462,0.08,184.7
Expected SARSA,22,2400,381172,-170.24,74.50915845637736,0.14,173.18
Expected SARSA,22,2800,416668,-157.88,85.09889564980458,0.2,162.08
Expected SARSA,22,3200,447738,-157.92,85.02024728839356,0.2,162.12
Expected SARSA,22,3600,475309,-166.34,77.91246003413978,0.16,169.7
Expected SARSA,22,4000,499547,-132.94,98.75395316292975,0.32,139.66
Expected SARSA,22,4400,523621,-86.56,105.78128378876862,0.54,97.9
Expected SARSA,22,4800,544717,-53.84,96.67753258189023,0.7,68.54
Expected SARSA,22,5200,563062,-66.74,100.98632156315598,0.64,80.18
Expected SARSA,22,5600,574487,-38.16,86.85135319049674,0.78,54.54
Expected SARSA,22,6000,582555,8.18,2.700642402791436,1.0,12.82
Expected SARSA,22,6400,589946,-4.44,49.96699318713571,0.94,24.18
Expected SARSA,22,6800,596914,-8.24,57.177689383756196,0.92,27.56
Expected SARSA,22,7200,603524,0.06,41.33507183089569,0.96,20.1
Expected SARSA,22,7600,610124,-0.2,41.28101802256809,0.96,20.36
Expected SARSA,22,8000,616992,3.7,29.491091702341546,0.98,16.88
Expected SARSA,22,8400,623480,5.18,29.718193424368234,0.98,15.4
Expected SARSA,22,8800,631024,8.14,2.4495730573439336,1.0,12.86
Expected SARSA,22,9200,638137,4.46,29.616742369332734,0.98,16.12
Expected SARSA,22,9600,645466,8.0,2.4660966430902955,1.0,13.0
Expected SARSA,22,10000,652512,-12.62,63.13053855274152,0.9,31.52
Expected SARSA,23,1,200,-744.78,148.58946181767166,0.1,191.04
Expected SARSA,23,400,78158,-200.0,0.0,0.0,200.0
Expected SARSA,23,800,153863,-200.0,0.0,0.0,200.0
Expected SARSA,23,1200,220240,-195.7,30.405591591021544,0.02,196.12
Expected SARSA,23,1600,280716,-195.78,29.839906166072307,0.02,196.2
Expected SARSA,23,2000,332130,-183.22,57.483729730015504,0.08,184.9
Expected SARSA,23,2400,375264,-149.6,90.60432030065044,0.24,154.64
Expected SARSA,23,2800,408794,-145.2,93.39317809286561,0.26,150.66
Expected SARSA,23,3200,440927,-149.46,90.85292218408694,0.24,154.5
Expected SARSA,23,3600,469817,-137.06,97.12298326117778,0.3,143.36
Expected SARSA,23,4000,496605,-158.16,84.53748353510991,0.2,162.36
Expected SARSA,23,4400,520734,-133.1,98.51701396619939,0.32,139.82
Expected SARSA,23,4800,541929,-99.3,105.88793652744779,0.48,109.38
Expected SARSA,23,5200,556530,-82.78,104.96885641144486,0.56,94.54
Expected SARSA,23,5600,566009,-0.72,41.1751064085462,0.96,20.88
Expected SARSA,23,6000,573772,-3.96,50.09132883533631,0.94,23.7
Expected SARSA,23,6400,580962,4.36,29.605404911941335,0.98,16.22
Expected SARSA,23,6800,587885,4.94,29.669203438128584,0.98,15.64
Expected SARSA,23,7200,594228,-12.96,63.03350582938297,0.9,31.86
Expected SARSA,23,7600,601331,4.18,29.5660381560482,0.98,16.4
Expected SARSA,23,8000,607839,3.8,29.515820731759902,0.98,16.78
Expected SARSA,23,8400,615719,-21.76,72.6747183955848,0.86,39.82
Expected SARSA,23,8800,623114,8.32,2.289639486817048,1.0,12.68
Expected SARSA,23,9200,631792,-25.6,76.91766071983888,0.84,43.24
Expected SARSA,23,9600,638906,-16.66,68.43367413124946,0.88,35.14
Expected SARSA,23,10000,647251,3.48,29.459927816251952,0.98,17.1
Expected SARSA,24,1,200,-762.4,242.40874571681607,0.06,192.7
Expected SARSA,24,400,78017,-200.0,0.0,0.0,200.0
Expected SARSA,24,800,152500,-195.72,30.26417023478423,0.02,196.14
Expected SARSA,24,1200,222576,-200.0,0.0,0.0,200.0
Expected SARSA,24,1600,285336,-200.0,0.0,0.0,200.0
Expected SARSA,24,2000,337843,-157.58,85.70644964180981,0.2,161.78
Expected SARSA,24,2400,382251,-191.5,42.065182655454315,0.04,192.34
Expected SARSA,24,2800,418901,-153.72,88.02899336848847,0.22,158.34
Expected SARSA,24,3200,452033,-153.82,87.84069300124388,0.22,158.44
Expected SARSA,24,3600,482220,-149.64,90.53080657309704,0.24,154.68
Expected SARSA,24,4000,508689,-141.24,95.19272824225641,0.28,147.12
Expected SARSA,24,4400,531589,-95.44,105.63223843088042,0.5,105.94
Expected SARSA,24,4800,547384,-70.06,102.77524715889244,0.62,83.08
Expected SARSA,24,5200,562081,-58.08,98.3618558887415,0.68,72.36
Expected SARSA,24,5600,574187,-24.9,77.23255367355642,0.84,42.54
Expected SARSA,24,6000,583357,-16.54,68.48423325176118,0.88,35.02
Expected SARSA,24,6400,590713,-0.42,41.21179244748637,0.96,20.58
Expected SARSA,24,6800,597563,-13.14,62.95868745876627,0.9,32.04
Expected SARSA,24,7200,604191,-8.94,56.95125377129505,0.92,28.26
Expected SARSA,24,7600,610724,7.86,2.364792781188065,1.0,13.14
Expected SARSA,24,8000,617444,3.8,29.504755756401337,0.98,16.78
Expected SARSA,24,8400,624608,7.96,2.449156456198496,1.0,13.04
Expected SARSA,24,8800,632062,-0.2,41.265195098661685,0.96,20.36
Expected SARSA,24,9200,639738,3.36,29.454745641684408,0.98,17.22
Expected SARSA,24,9600,647761,8.3,2.8802635933794223,1.0,12.7
Expected SARSA,24,10000,655604,-0.66,41.19372351636664,0.96,20.82
Expected SARSA,25,1,200,-759.0,112.02896855687982,0.06,196.32
Expected SARSA,25,400,78269,-200.0,0.0,0.0,200.0
Expected SARSA,25,800,152960,-200.0,0.0,0.0,200.0
Expected SARSA,25,1200,221183,-200.0,0.0,0.0,200.0
Expected SARSA,25,1600,283516,-191.5,42.065182655454315,0.04,192.34
Expected SARSA,25,2000,338102,-182.96,58.373868909200894,0.08,184.64
Expected SARSA,25,2400,382003,-153.52,88.41050819435252,0.22,158.14
Expected SARSA,25,2800,419816,-149.18,91.35793923477308,0.24,154.22
Expected SARSA,25,3200,449463,-115.84,104.12558351748692,0.4,124.24
Expected SARSA,25,3600,477081,-153.7,88.06774989420686,0.22,158.32
Expected SARSA,25,4000,504472,-149.56,90.67595590668915,0.24,154.6
Expected SARSA,25,4400,528004,-120.38,102.7417785578218,0.38,128.36
Expected SARSA,25,4800,548914,-91.52,105.2941923316548,0.52,102.44
Expected SARSA,25,5200,566110,-49.5,94.83524919456858,0.72,64.62
Expected SARSA,25,5600,577637,-8.62,57.06669567358917,0.92,27.94
Expected SARSA,25,6000,586203,-8.48,57.08755895775455,0.92,27.8
Expected SARSA,25,6400,593735,-20.84,73.07233207093992,0.86,38.9
Expected SARSA,25,6800,600742,4.28,29.59870377746503,0.98,16.3
Expected SARSA,25,7200,607752,-0.12,41.28430051954078,0.96,20.28
Expected SARSA,25,7600,614281,7.84,2.7801042411817467,1.0,13.16
Expected SARSA,25,8000,621593,-4.36,49.98071464809895,0.94,24.1
Expected SARSA,25,8400,629958,-0.22,41.256435490572315,0.96,20.38
Expected SARSA,25,8800,638493,-0.44,41.226185457145306,0.96,20.6
Expected SARSA,25,9200,646135,0.2,41.391609127001196,0.96,19.96
Expected SARSA,25,9600,654273,0.08,41.31948198896902,0.96,20.08
Expected SARSA,25,10000,662493,-8.52,57.082553895070895,0.92,27.84
Expected SARSA,26,1,200,-763.96,143.36836528071774,0.04,197.26
Expected SARSA,26,400,78578,-195.76,29.981327522309613,0.02,196.18
Expected SARSA,26,800,152759,-200.0,0.0,0.0,200.0
Expected SARSA,26,1200,220380,-200.0,0.0,0.0,200.0
Expected SARSA,26,1600,280259,-200.0,0.0,0.0,200.0
Expected SARSA,26,2000,331361,-174.7,69.21402771586885,0.12,177.22
Expected SARSA,26,2400,374649,-157.54,85.78549660969172,0.2,161.74
Expected SARSA,26,2800,410814,-149.64,90.53644209343979,0.24,154.68
Expected SARSA,26,3200,443143,-136.88,97.40188993682467,0.3,143.18
Expected SARSA,26,3600,472854,-132.56,99.31647211139278,0.32,139.28
Expected SARSA,26,4000,499869,-149.48,90.82057664900142,0.24,154.52
Expected SARSA,26,4400,523427,-116.26,103.60478477643507,0.4,124.66
Expected SARSA,26,4800,542271,-62.26,99.89010492148103,0.66,76.12
Expected SARSA,26,5200,555157,-54.26,96.39371010049761,0.7,68.96
Expected SARSA,26,5600,566452,-0.14,41.301287226073384,0.96,20.3
Expected SARSA,26,6000,575779,-4.42,49.97268233336927,0.94,24.16
Expected SARSA,26,6400,583299,-0.3,41.268780511398184,0.96,20.46
Expected SARSA,26,6800,590067,-8.14,57.22316143033023,0.92,27.46
Expected SARSA,26,7200,596843,8.64,2.5051783104894825,1.0,12.36
Expected SARSA,26,7600,603442,7.9,2.242902638301083,1.0,13.1
Expected SARSA,26,8000,610194,3.78,29.529155429984165,0.98,16.8
Expected SARSA,26,8400,617530,-4.86,49.87372217175399,0.94,24.6
Expected SARSA,26,8800,625673,4.32,29.601737400748235,0.98,16.26
Expected SARSA,26,9200,633151,7.84,2.493747282746205,1.0,13.16
Expected SARSA,26,9600,641791,3.7,29.50354527295778,0.98,16.88
Expected SARSA,26,10000,650491,-8.4,57.12285364163161,0.92,27.72
Expected SARSA,27,1,200,-777.5,103.19987541520719,0.02,199.94
Expected SARSA,27,400,78637,-200.0,0.0,0.0,200.0
Expected SARSA,27,800,153521,-200.0,0.0,0.0,200.0
Expected SARSA,27,1200,221469,-191.48,42.163549399441976,0.04,192.32
Expected SARSA,27,1600,282896,-183.02,58.16917270394366,0.08,184.7
Expected SARSA,27,2000,334651,-178.92,63.88632762291832,0.1,181.02
Expected SARSA,27,2400,379577,-157.9,85.059702922268,0.2,162.1
Expected SARSA,27,2800,415685,-191.64,41.3712707179309,0.04,192.48
Expected SARSA,27,3200,446140,-153.7,88.06867681948385,0.22,158.32
Expected SARSA,27,3600,476771,-124.52,101.67118669555121,0.36,132.08
Expected SARSA,27,4000,503493,-124.0,102.36908015327954,0.36,131.56
Expected SARSA,27,4400,530197,-128.84,100.15831549734304,0.34,135.98
Expected SARSA,27,4800,548419,-103.54,105.58586988024177,0.46,113.2
Expected SARSA,27,5200,560985,-24.78,77.2642668947005,0.84,42.42
Expected SARSA,27,5600,569956,-29.06,80.93192150423309,0.82,46.28
Expected SARSA,27,6000,578428,4.22,29.63539665153611,0.98,16.36
Expected SARSA,27,6400,585845,-8.58,57.08643285691032,0.92,27.9
Expected SARSA,27,6800,592759,-0.36,41.260130481457985,0.96,20.52
Expected SARSA,27,7200,599548,-0.3,41.25641570392044,0.96,20.46
Expected SARSA,27,7600,606055,-4.4,49.973053963601025,0.94,24.14
Expected SARSA,27,8000,613496,-12.76,63.094215265743664,0.9,31.66
Expected SARSA,27,8400,622868,-12.98,63.015220059789314,0.9,31.88
Expected SARSA,27,8800,631399,-4.32,49.987933237810054,0.94,24.06
Expected SARSA,27,9200,640168,-4.88,49.85351603672994,0.94,24.62
Expected SARSA,27,9600,649649,-7.88,57.30927196415276,0.92,27.2
Expected SARSA,27,10000,658269,7.76,2.470726572471824,1.0,13.24
Expected SARSA,28,1,200,-741.34,154.33605131236797,0.06,195.76
Expected SARSA,28,400,78227,-200.0,0.0,0.0,200.0
Expected SARSA,28,800,151842,-200.0,0.0,0.0,200.0
Expected SARSA,28,1200,218490,-200.0,0.0,0.0,200.0
Expected SARSA,28,1600,279967,-195.72,30.26417023478423,0.02,196.14
Expected SARSA,28,2000,332901,-187.3,50.77853073567085,0.06,188.56
Expected SARSA,28,2400,378447,-170.5,73.85956061254055,0.14,173.44
Expected SARSA,28,2800,416545,-162.2,81.50347432183867,0.18,165.98
Expected SARSA,28,3200,451158,-145.14,93.49691908052917,0.26,150.6
Expected SARSA,28,3600,481009,-153.62,88.22117150684872,0.22,158.24
Expected SARSA,28,4000,508321,-149.58,90.63857132724952,0.24,154.62
Expected SARSA,28,4400,531909,-115.96,103.98213347317247,0.4,124.36
Expected SARSA,28,4800,552167,-66.38,101.25254141431287,0.64,79.82
Expected SARSA,28,5200,566414,-49.72,94.6876799520079,0.72,64.84
Expected SARSA,28,5600,576754,-4.5,49.95109853544724,0.94,24.24
Expected SARSA,28,6000,585393,0.24,41.35834441876542,0.96,19.92
Expected SARSA,28,6400,592956,-4.98,49.84117222718174,0.94,24.72
Expected SARSA,28,6800,599877,-9.04,56.935681577853224,0.92,28.36
Expected SARSA,28,7200,606649,4.06,29.537530605751634,0.98,16.52
Expected SARSA,28,7600,613754,-4.7,49.90204690906262,0.94,24.44
Expected SARSA,28,8000,620833,8.58,2.5078651788128568,1.0,12.42
Expected SARSA,28,8400,627530,3.98,29.513393707997476,0.98,16.6
Expected SARSA,28,8800,635466,-8.0,57.250612687212566,0.92,27.32
Expected SARSA,28,9200,642932,8.56,2.6661904336658755,1.0,12.44
Expected SARSA,28,9600,649821,-0.34,41.26154012973281,0.96,20.5
Expected SARSA,28,10000,657493,8.06,2.999387692615319,1.0,12.94
Expected SARSA,29,1,200,-761.38,121.00816130344603,0.08,194.26
Expected SARSA,29,400,78270,-195.7,30.405591591021544,0.02,196.12
Expected SARSA,29,800,152860,-195.74,30.122748878546915,0.02,196.16
Expected SARSA,29,1200,219232,-200.0,0.0,0.0,200.0
Expected SARSA,29,1600,278584,-187.18,51.2583253566418,0.06,188.44
Expected SARSA,29,2000,331041,-178.76,64.36742743255873,0.1,180.86
Expected SARSA,29,2400,372660,-178.68,64.61043069893623,0.1,180.78
Expected SARSA,29,2800,411520,-153.48,88.48803447301765,0.22,158.1
Expected SARSA,29,3200,444957,-153.74,87.99114287523373,0.22,158.36
Expected SARSA,29,3600,474965,-153.44,88.56432229556928,0.22,158.06
Expected SARSA,29,4000,501039,-132.8,98.95927836999522,0.32,139.52
Expected SARSA,29,4400,525496,-120.42,102.68896767244598,0.38,128.4
Expected SARSA,29,4800,545911,-120.56,102.50896625790989,0.38,128.54
Expected SARSA,29,5200,561675,-74.94,103.16193135858136,0.6,87.54
Expected SARSA,29,5600,573620,-50.24,94.36805062939384,0.72,65.36
Expected SARSA,29,6000,583350,-24.48,77.41044595438747,0.84,42.12
Expected SARSA,29,6400,590577,-4.4,49.96325180182176,0.94,24.14
Expected SARSA,29,6800,597470,7.74,2.4810300691611205,1.0,13.26
Expected SARSA,29,7200,604248,-0.2,41.28002926751059,0.96,20.36
Expected SARSA,29,7600,610971,3.72,29.506858421010378,0.98,16.86
Expected SARSA,29,8000,617789,-4.4,49.96651940274098,0.94,24.14
Expected SARSA,29,8400,625692,-12.82,63.06319797453591,0.9,31.72
Expected SARSA,29,8800,632446,3.76,29.498917309775617,0.98,16.82
Expected SARSA,29,9200,640524,0.18,41.344096140976234,0.96,19.98
Expected SARSA,29,9600,648338,4.44,29.577404503148298,0.98,16.14
Expected SARSA,29,10000,656860,7.74,2.7760638703468077,1.0,13.26
